Episode,Reward,Avg_QoS,Drops,Retries,Epsilon,EDF_Episode
1,-94.31616659996547,0.9082839977332,1,12,0.997,0.1557
2,-99.38296970615195,0.8181799960266001,1,13,0.994009,0.2826
3,-100.0,0.279743989872,1,10,0.991026973,0.0145
4,-96.0051200030208,0.85492479737024,1,10,0.988053892081,0.2955
5,-88.70478612111069,0.9533669979343,1,15,0.985089730404757,0.075
6,-100.51228653269122,0.8177319960012,1,13,0.9821344612135428,0.1628
7,-180.22632231028706,0.9571697755477777,1,26,0.9791880578299021,0.161
8,-101.51023853146242,0.7576586621541334,1,13,0.9762504936564125,0.266
9,-100.0,0.279743989872,1,10,0.9733217421754432,0.2407
10,-100.0,0.279743989872,1,10,0.9704017769489168,0.158
11,-100.0,0.279743989872,1,10,0.9674905716180701,0.0431
12,-96.39023479633465,0.8954811404784,1,13,0.9645880999032158,0.1045
13,-99.0020480012288,0.6388479943216,1,10,0.9616943356035061,0.0353
14,-100.0,0.279743989872,1,10,0.9588092525966956,0.2918
15,-94.66102730171073,0.8957234263058285,1,11,0.9559328248389055,0.0534
16,-98.90098398859674,0.9075079973583,1,16,0.9530650263643888,0.2954
17,-90.97190059239195,0.9382413313567333,1,13,0.9502058312852957,0.2085
18,-96.308797723412,0.8786079975528001,1,12,0.9473552137914398,0.0968
19,-99.0005120002816,0.6396159947952,1,10,0.9445131481500655,0.0595
20,-240.19043608516722,0.9142524396359111,1,31,0.9416796087056153,0.2108
21,-92.31144765239658,0.92688319832408,1,12,0.9388545698794984,0.1304
22,-100.0,0.279743989872,1,10,0.93603800616986,0.0233
23,-92.6641268675172,0.9184408868647999,1,11,0.9332298921513504,0.079
24,-96.30769757713158,0.8787359976629333,1,12,0.9304302024748964,0.2028
25,-97.6569588644964,0.818283996201,1,11,0.9276389118674717,0.1275
26,-99.0020480012288,0.6388479943216,1,10,0.9248559951318693,0.0858
27,-125.24655294225637,0.917425775308711,1,18,0.9220814271464737,0.1386
28,-97.0028160016384,0.8192319970584001,1,10,0.9193151828650342,0.1191
29,-106.6709115460552,0.9616783978980399,1,24,0.9165572373164391,0.2079
30,-103.01070217510042,0.957984887039422,1,17,0.9138075656044898,0.2389
31,-93.31261016216581,0.9187591092551999,1,12,0.9110661429076764,0.1612
32,-99.0020480012288,0.6388479943216,1,10,0.9083329444789534,0.1112
33,-100.0,0.279743989872,1,10,0.9056079456455165,0.0487
34,-89.66640330485953,0.9387239983136002,1,11,0.90289112180858,0.0148
35,-100.0,0.279743989872,1,10,0.9001824484431542,0.1661
36,-109.34527339514803,0.9321745432180362,1,16,0.8974819010978248,0.0313
37,-96.6590068644964,0.8542175969607999,1,11,0.8947894553945313,0.2635
38,-99.000256000128,0.6397439948720001,1,10,0.8921050870283477,0.1735
39,-98.82259269313836,0.8946171400277716,1,15,0.8894287717672626,0.2878
40,-100.0,0.279743989872,1,10,0.8867604854519608,0.2989
41,-96.0020480011264,0.8555391977491199,1,10,0.884100203995605,0.2441
42,-97.6551668621668,0.8187319967833999,1,11,0.8814479033836181,0.1545
43,-102.24232125522437,0.8167319957584,1,15,0.8788035596734672,0.2944
44,-91.31423609128116,0.9333672710247274,1,12,0.8761671489944468,0.1196
45,-99.09060719710956,0.9635085695165332,1,21,0.8735386475474635,0.2308
46,-97.0061440036864,0.8183999965463999,1,10,0.8709180316048211,0.0468
47,-99.0020480012288,0.6388479943216,1,10,0.8683052775100066,0.1316
48,-99.0020480012288,0.6388479943216,1,10,0.8657003616774767,0.0699
49,-97.0061440036864,0.8183999965463999,1,10,0.8631032605924442,0.002
50,-101.57053317277459,0.92535519717824,1,19,0.860513950810667,0.1676
51,-99.0020480012288,0.6388479943216,1,10,0.857932408958235,0.1023
52,-97.73599484539187,0.85386879681152,1,12,0.8553586117313603,0.046
53,-90.05472144743095,0.9466651409983999,1,14,0.8527925358961662,0.1372
54,-96.73804284662067,0.8778826638048001,1,12,0.8502341582884777,0.2462
55,-152.22451601313605,0.85066879513152,1,20,0.8476834558136123,0.0085
56,-92.56440343146271,0.9497695974802133,1,17,0.8451404054461714,0.2268
57,-100.16742583094596,0.85342719659168,1,14,0.8426049842298329,0.2073
58,-98.0025600015104,0.7590613294538665,1,10,0.8400771692771434,0.0503
59,-90.15869605511445,0.963833141029943,1,19,0.837556937769312,0.1033
60,-90.0158720106752,0.9330792707243635,1,10,0.835044266956004,0.0027
61,-97.73515472555394,0.85412479693024,1,12,0.8325391341551359,0.0215
62,-100.0,0.279743989872,1,10,0.8300415167526705,0.1687
63,-98.0040960024576,0.7585493291381334,1,10,0.8275513922024125,0.0943
64,-91.74009084772148,0.9332043619752727,1,12,0.8250687380258053,0.2198
65,-99.0020480012288,0.6388479943216,1,10,0.8225935318117279,0.2581
66,-88.66691530542273,0.9433981522461539,1,11,0.8201257512162927,0.0138
67,-95.65644686334788,0.8789413310225332,1,11,0.8176653739626438,0.0849
68,-95.38638763180725,0.9086419980326,1,13,0.8152123778407558,0.0141
69,-94.5208997486386,0.9419667668976,1,18,0.8127667407072335,0.2616
70,-94.66268079501859,0.8953211402102859,1,11,0.8103284404851119,0.2186
71,-98.0040960024576,0.7585493291381334,1,10,0.8078974551636565,0.2204
72,-97.0061440036864,0.8183999965463999,1,10,0.8054737627981655,0.0343
73,-98.6549108620388,0.7583946624205332,1,11,0.803057341509771,0.0198
74,-85.3257836646846,0.9561468218132234,1,12,0.8006481694852418,0.0661
75,-100.0,0.279743989872,1,10,0.798246224976786,0.0308
76,-91.62038388501462,0.9384799982754001,1,14,0.7958514863018556,0.1903
77,-95.0053760031488,0.8790613311205333,1,10,0.79346393184295,0.0755
78,-97.6536308612196,0.8191159970202,1,11,0.7910835400474212,0.1805
79,-89.17385339987483,0.9537319985924,1,14,0.7887102894272789,0.1068
80,-111.04110313046743,0.7549066605362666,1,17,0.7863441585589971,0.2078
81,-98.4732414803578,0.9077319975049001,1,16,0.78398512608332,0.243
82,-89.66831279842178,0.9384679981489333,1,11,0.7816331707050701,0.2814
83,-102.51087384561572,0.6366159931452,1,13,0.7792882711929549,0.2347
84,-97.73292284349748,0.8544831971903999,1,12,0.776950406379376,0.0764
85,-156.2630859640485,0.8920457094523428,1,24,0.7746195551602378,0.2809
86,-94.47225285303274,0.9261759979609598,1,14,0.7722956964947572,0.2708
87,-96.0066560051968,0.8546175969350399,1,10,0.7699788094052729,0.1807
88,-97.0028160016384,0.8192319970583999,1,10,0.767668872977057,0.1591
89,-101.17520102525447,0.8163999953464001,1,14,0.7653658663581259,0.1836
90,-98.0040960024576,0.7585493291381334,1,10,0.7630697687590515,0.051
91,-102.57593664890705,0.9166915524453333,1,19,0.7607805594527743,0.282
92,-94.0537321724656,0.9256383976007199,1,14,0.7584982177744161,0.1773
93,-98.73310672432514,0.8181679964699999,1,12,0.7562227231210928,0.2933
94,-96.0051200030208,0.85492479737024,1,10,0.7539540549517295,0.2058
95,-98.0040960024576,0.7585493291381334,1,10,0.7516921927868743,0.0955
96,-89.13323560304255,0.9532229981531499,1,15,0.7494371162085136,0.2774
97,-91.82566469493037,0.9470891413144572,1,15,0.747188804859888,0.0429
98,-95.0056320033024,0.8790186643813332,1,10,0.7449472384453084,0.0173
99,-95.3121257255624,0.8954742833094856,1,12,0.7427123967299725,0.0503
100,-96.00332800192,0.8552831975904001,1,10,0.7404842595397826,0.2983
101,-88.66719886969321,0.9432996907390153,1,11,0.7382628067611632,0.2368
102,-100.0,0.279743989872,1,10,0.7360480183408797,0.1242
103,-98.0025600015104,0.7590613294538665,1,10,0.7338398742858571,0.119
104,-92.0094720057088,0.9189191093514667,1,10,0.7316383546629995,0.0895
105,-99.0020480012288,0.6388479943216,1,10,0.7294434395990105,0.2595
106,-97.0046080027392,0.8187839967832,1,10,0.7272551092802134,0.1027
107,-85.6378542627352,0.9580622201950667,1,14,0.7250733439523728,0.2684
108,-96.69977296235507,0.9075659968863,1,15,0.7228981239205157,0.2774
109,-99.0005120002816,0.6396159947952,1,10,0.7207294295487541,0.1478
110,-86.40319371618587,0.9560291748642352,1,13,0.7185672412601078,0.0037
111,-90.405477317998,0.9426375362343384,1,13,0.7164115395363275,0.2002
112,-95.006912004096,0.8788053309626668,1,10,0.7142623049177186,0.0645
113,-98.65448878897539,0.7584799958384,1,11,0.7121195180029655,0.2756
114,-97.39472531159801,0.8775066629077334,1,13,0.7099831594489566,0.1411
115,-87.39637164028753,0.9536969984208999,1,13,0.7078532099706097,0.0232
116,-91.74316284961587,0.9329250889640729,1,12,0.7057296503406979,0.1163
117,-94.6615668660068,0.8955039976133715,1,11,0.7036124613896758,0.2513
118,-91.32051860406148,0.9329018161608729,1,12,0.7015016240055068,0.0751
119,-92.66665930511553,0.9182702200817777,1,11,0.6993971191334902,0.2881
120,-97.0046080027392,0.8187839967832,1,10,0.6972989277760897,0.081
121,-81.02790402176,0.9625919984056001,1,10,0.6952070309927615,0.0139
122,-100.0,0.279743989872,1,10,0.6931214098997832,0.0725
123,-98.84388148700562,0.9322952705661817,1,17,0.6910420456700839,0.1787
124,-96.0048640028672,0.85497599740096,1,10,0.6889689195330736,0.0026
125,-96.83366832785799,0.9176088860846221,1,15,0.6869020127744744,0.2833
126,-91.0135680105216,0.9266175979350398,1,10,0.684841306736151,0.0137
127,-99.0005120002816,0.6396159947952,1,10,0.6827867828159425,0.0887
128,-100.0,0.279743989872,1,10,0.6807384224674947,0.0662
129,-91.97744990436101,0.9323941790720002,1,13,0.6786962072000923,0.2457
130,-92.48498992339849,0.9465074266502859,1,16,0.676660118578492,0.0562
131,-93.65832879117698,0.9089499981642,1,11,0.6746301382227565,0.0669
132,-86.32896661503747,0.9533419977709999,1,12,0.6726062478080883,0.2114
133,-76.33487044431946,0.9750704501702967,1,19,0.6705884290646641,0.2003
134,-99.30825815921834,0.7577279953538666,1,12,0.66857666377747,0.0704
135,-103.84462908577775,0.8764293296037334,1,17,0.6665709337861376,0.262
136,-57.371730400232806,0.9837961580849278,1,19,0.6645712209847792,0.0698
137,-100.0,0.279743989872,1,10,0.6625775073218249,0.0033
138,-94.0107520076544,0.8955702831739429,1,10,0.6605897747998594,0.1966
139,-99.000256000128,0.6397439948720001,1,10,0.6586080054754598,0.1215
140,-92.01305600791041,0.9185208868846222,1,10,0.6566321814590335,0.0955
141,-100.0,0.279743989872,1,10,0.6546622849146564,0.0268
142,-94.39654487433806,0.9180248864616889,1,13,0.6526982980599124,0.2456
143,-100.0,0.279743989872,1,10,0.6507402031657327,0.0834
144,-101.5307535689993,0.9841925789603783,1,44,0.6487879825562355,0.266
145,-95.0087040064256,0.8785066639077335,1,10,0.6468416186085668,0.0756
146,-99.0005120002816,0.6396159947952,1,10,0.6449010937527411,0.1412
147,-96.65846730020034,0.85452479713024,1,11,0.6429663904714829,0.1789
148,-93.66768330578114,0.9079259975088,1,11,0.6410374913000684,0.1504
149,-98.6533748610916,0.7589066627362667,1,11,0.6391143788261682,0.287
150,-100.52185372807493,0.8168999956464,1,13,0.6371970356896897,0.1762
151,-167.7400435298631,0.974769997681525,1,30,0.6352854445826206,0.2571
152,-95.3108457246408,0.895657140584,1,12,0.6333795882488727,0.2378
153,-98.0025600015104,0.7590613294538665,1,10,0.6314794494841262,0.0062
154,-98.65590729868994,0.7583946623871999,1,11,0.6295850111356738,0.1334
155,-89.0176640106496,0.9385066649352,1,10,0.6276962561022668,0.0413
156,-97.6551668621668,0.8187319967833999,1,11,0.62581316733396,0.1955
157,-95.650021832315,0.9494037308713067,1,20,0.623935727831958,0.2158
158,-98.73394684416307,0.8178479963216001,1,12,0.6220639206484622,0.1402
159,-99.73036284198707,0.7583253291541334,1,12,0.6201977288865168,0.1837
160,-100.0,0.279743989872,1,10,0.6183371356998573,0.1415
161,-90.71040031343614,0.9462845691000572,1,15,0.6164821242927577,0.0067
162,-93.3134057275328,0.9185599979106667,1,12,0.6146326779198794,0.1047
163,-91.66703279647618,0.9262895980014398,1,11,0.6127887798861198,0.0179
164,-96.655934862602,0.8548319973396798,1,11,0.6109504135464614,0.2472
165,-97.0043520025856,0.8188479968216,1,10,0.609117562305822,0.0212
166,-64.54532705933642,0.9817287424548464,1,18,0.6072902096189046,0.1507
167,-89.39868280130105,0.9471371412252572,1,13,0.6054683389900478,0.1961
168,-99.0020480012288,0.6388479943216,1,10,0.6036519339730777,0.1423
169,-91.32410260475267,0.9325759979162181,1,12,0.6018409781711584,0.1842
170,-100.0,0.279743989872,1,10,0.6000354552366449,0.1215
171,-96.0051200030208,0.85492479737024,1,10,0.598235348870935,0.2759
172,-88.47694019683505,0.9602425244350317,1,14,0.5964406428243222,0.0978
173,-79.63939026506,0.9684826651388999,1,14,0.5946513208958493,0.1067
174,-100.0,0.279743989872,1,10,0.5928673669331617,0.2012
175,-100.0,0.279743989872,1,10,0.5910887648323622,0.1745
176,-90.0125440113664,0.9333818162277816,1,10,0.5893154985378651,0.0583
177,-91.52085785498292,0.9433267674556307,1,13,0.5875475520422515,0.0464
178,-97.0046080027392,0.8187839967832,1,10,0.5857849093861247,0.0291
179,-93.0107520064,0.908623997934,1,10,0.5840275546579663,0.1242
180,-93.66589130468034,0.9081499976464,1,11,0.5822754719939924,0.0742
181,-65.82736970507034,0.9801383981827598,1,16,0.5805286455780104,0.0118
182,-98.6549108620388,0.7583946624205332,1,11,0.5787870596412764,0.2704
183,-100.0,0.279743989872,1,10,0.5770506984623526,0.057
184,-78.6903288166746,0.9669391286820869,1,11,0.5753195463669655,0.0497
185,-100.0,0.279743989872,1,10,0.5735935877278646,0.1073
186,-96.65974730099394,0.8542687969715199,1,11,0.571872806964681,0.246
187,-95.66205130237634,0.8781733305792,1,11,0.5701571885437869,0.1358
188,-100.0,0.279743989872,1,10,0.5684467169781556,0.2431
189,-93.66614730483394,0.9081179973236,1,11,0.5667413768272211,0.0753
190,-104.13984831070997,0.9416984589783385,1,20,0.5650411526967395,0.2382
191,-99.0020480012288,0.6388479943216,1,10,0.5633460292386493,0.2496
192,-96.65704879048579,0.8545759969552,1,11,0.5616559911509333,0.207
193,-97.17090471067533,0.9079439975824,1,14,0.5599710231774805,0.0078
194,-73.20162474620928,0.9760259983012749,1,14,0.5582911101079481,0.0238
195,-97.003072001792,0.8191679970199999,1,10,0.5566162367776242,0.2293
196,-93.05498460924474,0.9323752705253819,1,14,0.5549463880672914,0.2932
197,-100.0,0.279743989872,1,10,0.5532815489030894,0.2469
198,-108.04689368256611,0.968039037313824,1,33,0.5516217042563801,0.284
199,-91.66771087092201,0.9262383978378399,1,11,0.549966839143611,0.1397
200,-100.0,0.279743989872,1,10,0.5483169386261801,0.2802
201,-91.0166400111872,0.9263103978684798,1,10,0.5466719878103016,0.129
202,-95.74986599883766,0.9368999973297333,1,19,0.5450319718468707,0.2895
203,-84.48154820862831,0.9669565200674782,1,14,0.5433968759313301,0.0443
204,-97.31488659927427,0.8535103965113601,1,12,0.5417666853035361,0.19
205,-82.46901827491487,0.9700006135077845,1,19,0.5401413852476254,0.2129
206,-100.0,0.279743989872,1,10,0.5385209610918825,0.16
207,-99.0020480012288,0.6388479943216,1,10,0.5369053982086068,0.1412
208,-97.0046080027392,0.8187839967832,1,10,0.535294682013981,0.0522
209,-100.0,0.279743989872,1,10,0.5336887979679391,0.0605
210,-100.0,0.279743989872,1,10,0.5320877315740353,0.133
211,-94.010496006272,0.8956068548000001,1,10,0.5304914683793133,0.1836
212,-99.65539529840834,0.6378479937216,1,11,0.5288999939741753,0.2661
213,-100.0,0.279743989872,1,10,0.5273132939922528,0.2408
214,-92.66361486742103,0.9184977757735999,1,11,0.525731354110276,0.063
215,-99.0005120002816,0.6396159947952,1,10,0.5241541600479452,0.151
216,-102.51775772561733,0.6358479925216,1,13,0.5225816975678014,0.29
217,-90.0140800095744,0.9332421800270545,1,10,0.521013952475098,0.0944
218,-105.35013740386162,0.9499370644456532,1,16,0.5194509106176727,0.0039
219,-96.0051200033024,0.8549247973139199,1,10,0.5178925578858197,0.1332
220,-94.17638583842471,0.9325614523888,1,14,0.5163388802121622,0.2112
221,-90.66796687105,0.9329207252954906,1,11,0.5147898635715258,0.158
222,-98.0040960024576,0.7585493291381334,1,10,0.5132454939808112,0.282
223,-93.65858479133058,0.908917998145,1,11,0.5117057574988688,0.1127
224,-95.82274357110133,0.9262063979661599,1,15,0.5101706402263723,0.2359
225,-93.0051200029184,0.9093279983692,1,10,0.5086401283056932,0.1004
226,-100.0,0.279743989872,1,10,0.5071142079207761,0.0505
227,-95.6549108619364,0.8791973312273332,1,11,0.5055928652970137,0.0045
228,-100.0,0.279743989872,1,10,0.5040760867011227,0.2839
229,-92.4312115778127,0.9554832919467294,1,17,0.5025638584410194,0.0735
230,-73.35610263030148,0.9733219293207173,1,12,0.5010561668656963,0.0132
231,-86.55427251804758,0.9786189449790315,1,30,0.49955299836509925,0.1492
232,-88.67305931072194,0.9429255365484306,1,11,0.49805433937000393,0.0509
233,-85.98794591268776,0.9556376449818353,1,13,0.4965601763518939,0.1946
234,-99.0020480012288,0.6388479943216,1,10,0.49507049582283824,0.2148
235,-92.66665930511553,0.9182702200817777,1,11,0.49358528433536975,0.2924
236,-75.00137542965957,0.9725445693557143,1,13,0.49210452848236363,0.1317
237,-99.65539529840834,0.6378479937216,1,11,0.49062821489691655,0.1364
238,-131.14695922898522,0.9706524422555259,1,22,0.4891563302522258,0.1634
239,-97.0061440036864,0.8183999965463999,1,10,0.48768886126146915,0.167
240,-99.65539529840834,0.6378479937216,1,11,0.48622579467768473,0.1606
241,-91.32538260677508,0.932459634096,1,12,0.4847671172936517,0.1518
242,-78.12211873227608,0.9730758599771034,1,18,0.4833128159417707,0.2005
243,-89.43715875528964,0.9559350568852707,1,17,0.4818628774939454,0.2261
244,-98.65448878897539,0.7584799958384,1,11,0.48041728886146357,0.0808
245,-100.0,0.279743989872,1,10,0.4789760369948792,0.1993
246,-97.65769929976514,0.8183479965216001,1,11,0.47753910888389456,0.2806
247,-83.11093435115691,0.9677013312607,1,18,0.4761064915572429,0.2708
248,-98.6549108620388,0.7583946624205332,1,11,0.4746781720825711,0.0752
249,-88.76837123483962,0.9640380935435808,1,18,0.4732541375663234,0.1342
250,-95.74317001186486,0.8950354258857143,1,12,0.4718343751536244,0.088
251,-99.0020480012288,0.6388479943216,1,10,0.47041887202816357,0.105
252,-100.0,0.279743989872,1,10,0.4690076154120791,0.1638
253,-101.75285072862314,0.9520919974112,1,22,0.46760059256584285,0.265
254,-97.0028160016384,0.8192319970583999,1,10,0.4661977907881453,0.1238
255,-87.11674704799653,0.9645310463782857,1,15,0.4647991974157809,0.0462
256,-95.010240006144,0.8782506639546667,1,10,0.46340479982353355,0.2843
257,-84.78836996405596,0.968187998016,1,16,0.46201458542406293,0.1342
258,-77.85433995380006,0.9746508369842065,1,20,0.4606285416677907,0.1047
259,-90.0204800159744,0.932660361263418,1,10,0.45924665604278736,0.1908
260,-145.74902810068755,0.9666839971480333,1,32,0.457868916074659,0.233
261,-89.4566219246927,0.9549712917824,1,17,0.45649530932643506,0.1694
262,-96.006656003968,0.8546175971807999,1,10,0.45512582339845575,0.0275
263,-118.34069293961441,0.955172703700047,1,19,0.45376044592826037,0.0158
264,-96.65974730099394,0.8542687969715199,1,11,0.4523991645904756,0.1877
265,-90.0189440125696,0.9327999979365816,1,10,0.45104196709670413,0.0773
266,-93.97082146234055,0.9179964421224001,1,13,0.449688841195414,0.2643
267,-91.66998730916389,0.9261103977484799,1,11,0.4483397746718278,0.0942
268,-99.0005120002816,0.6396159947952,1,10,0.4469947553478123,0.1423
269,-92.97594146499948,0.925684797626,1,13,0.44565377108176885,0.2481
270,-96.66000330114754,0.8542175969407999,1,11,0.44431680976852356,0.2218
271,-99.65539529840834,0.6378479937216,1,11,0.44298385933921797,0.1199
272,-87.22072180989743,0.9650516343770181,1,16,0.4416549077612003,0.0813
273,-77.91906891823817,0.9770649396848706,1,23,0.4403299430379167,0.0548
274,-98.65744329963714,0.7578826620714668,1,11,0.43900895320880295,0.2978
275,-87.32717460854502,0.9503509315867734,1,12,0.43769192634917653,0.1598
276,-96.73361872458113,0.8786933309373333,1,12,0.436378850570129,0.0996
277,-98.0040960024576,0.7585493291381334,1,10,0.4350697140184186,0.1387
278,-95.31295608917573,0.8954742833277713,1,12,0.43376450487636337,0.226
279,-89.37092278056468,0.9526179974917,1,16,0.43246321136173427,0.296
280,-87.76232008027227,0.9615255979666001,1,19,0.43116582172764906,0.1434
281,-95.74009084907827,0.8950354257673144,1,12,0.42987232426246613,0.0704
282,-99.0020480012288,0.6388479943216,1,10,0.42858270728967873,0.0493
283,-86.81472979618547,0.9633554265629333,1,18,0.4272969591678097,0.0976
284,-76.7784008875839,0.9767355275522824,1,19,0.4260150682903063,0.2817
285,-73.3191055810296,0.9746843852525161,1,15,0.4247370230854354,0.0702
286,-97.65769929976514,0.8183479965216001,1,11,0.4234628120161791,0.1564
287,-99.0005120002816,0.6396159947952,1,10,0.42219242358013054,0.2951
288,-95.73464272516993,0.8958765692907429,1,12,0.4209258463093902,0.0805
289,-98.58939805322312,0.9729034640526135,1,32,0.419663068770462,0.2798
290,-99.0020480012288,0.6388479943216,1,10,0.4184040795641506,0.0898
291,-65.5291728462098,0.9806540470071023,1,16,0.41714886732545814,0.0279
292,-87.64231720847815,0.9526759978320001,1,14,0.41589742072348174,0.1306
293,-94.007168004224,0.8960822836639999,1,10,0.4146497284613113,0.001
294,-93.44130790008465,0.9497930644734399,1,19,0.41340577927592737,0.2162
295,-95.0084480050432,0.8785493308048,1,10,0.41216556193809956,0.0367
296,-100.0,0.279743989872,1,10,0.41092906525228523,0.1573
297,-100.90456743059039,0.876805329846,1,16,0.40969627805652836,0.221
298,-82.50361881301728,0.9709351091631111,1,21,0.40846718922235875,0.243
299,-94.31949460201348,0.9078679974771999,1,12,0.40724178765469166,0.2135
300,-89.22173903093618,0.9646363610210908,1,23,0.4060200622917276,0.3725
301,-90.36034749225038,0.9499882645452266,1,16,0.4048020021048524,0.2817
302,-92.45402521283663,0.9523229973464,1,19,0.40358759609853784,0.2602
303,-80.79829615388148,0.9724805492614621,1,21,0.4023768333102422,0.3042
304,-100.0,0.279743989872,1,10,0.4011697028103115,0.2875
305,-93.40793950574523,0.9590635764286318,1,22,0.3999661937018806,0.3626
306,-96.65439886211908,0.8551391974728,1,11,0.39876629512077494,0.0845
307,-83.3277417352136,0.9606686301850105,1,12,0.3975699962354126,0.0709
308,-86.08837884901232,0.968367997770592,1,23,0.3963772862467064,0.3603
309,-140.65765453265658,0.9577515753408,1,36,0.39518815438796623,0.5346
310,-89.0209920137984,0.9382293313394666,1,10,0.3940025899248023,0.1938
311,-101.12188480138992,0.8163479953716,1,15,0.3928205821550279,0.4067
312,-100.0,0.279743989872,1,10,0.39164212040856283,0.3538
313,-101.11353423746753,0.8171159953248,1,15,0.39046719404733715,0.4989
314,-84.98516075122338,0.9846330159541821,1,26,0.38929579246519513,0.25
315,-55.03942953398809,0.9831949980885666,1,13,0.38812790508779954,0.0972
316,-97.99531446385534,0.9248847970331198,1,17,0.38696352137253615,0.2747
317,-98.51216103092602,0.9169137743251555,1,18,0.38580263080841853,0.4494
318,-102.51775772561733,0.6358479925216,1,13,0.3846452229159933,0.3046
319,-114.40341881380536,0.9587932603622316,1,27,0.3834912872472453,0.5221
320,-100.32687779608575,0.9734781908563096,1,36,0.3823408133855036,0.2467
321,-101.02686769425225,0.8945142828125715,1,16,0.38119379094534706,0.2138
322,-118.93140965475243,0.9747655727973819,1,40,0.380050209572511,0.3087
323,-101.21357494700837,0.9446182821163999,1,25,0.3789100589437935,0.3356
324,-101.2134233781511,0.9409612278287999,1,23,0.3777733287669621,0.2955
325,-100.0,0.279743989872,1,10,0.37664000878066123,0.1581
326,-98.31283859804547,0.8173999959464,1,12,0.37551008875431924,0.2732
327,-77.44727966785346,0.9802376564678635,1,23,0.37438355848805627,0.0741
328,-90.06181733437701,0.9461897119847998,1,14,0.3732604078125921,0.1949
329,-98.6549108620388,0.7583946624205332,1,11,0.37214062658915437,0.0835
330,-100.0,0.279743989872,1,10,0.3710242047093869,0.3974
331,-98.6549108620388,0.7583946624205332,1,11,0.3699111320952587,0.4733
332,-73.93774119291646,0.9843542827607713,1,42,0.36880139869897294,0.3443
333,-99.65539529840834,0.6378479937216,1,11,0.367694994502876,0.1551
334,-122.9018543415318,0.9796730875860363,1,57,0.3665919095193674,0.3936
335,-92.66973130700994,0.9179288865379556,1,11,0.36549213379080925,0.0732
336,-100.0,0.279743989872,1,10,0.3643956573894368,0.2654
337,-97.0061440036864,0.8183999965463999,1,10,0.3633024704172685,0.2601
338,-211.8667383913937,0.9521054078335529,1,42,0.3622125630060167,0.5685
339,-112.42396332647432,0.9309818150274908,1,20,0.3611259253169986,0.4123
340,-100.0,0.279743989872,1,10,0.3600425475410476,0.3011
341,-93.88356106383704,0.9489738639638933,1,19,0.3589624198984244,0.1833
342,-105.46330137915984,0.6348479919215999,1,14,0.35788553263872913,0.4926
343,-99.0020480012288,0.6388479943216,1,10,0.35681187604081294,0.236
344,-79.39024028348196,0.9700541518207693,1,16,0.3557414404126905,0.0515
345,-89.15394583065361,0.9628525689490285,1,22,0.35467421609145244,0.3328
346,-83.10940056277104,0.9710435536829037,1,18,0.35361019344317807,0.2164
347,-92.97540190070342,0.9258383977107199,1,13,0.35254936286284855,0.3007
348,-110.80983913186358,0.9415803049801844,1,20,0.35149171477426,0.1986
349,-98.0023040013568,0.7591466628383999,1,10,0.3504372396299372,0.2045
350,-100.0,0.279743989872,1,10,0.3493859279110474,0.1042
351,-114.21579979224282,0.9450754254756001,1,25,0.34833777012731426,0.5596
352,-99.65539529840834,0.6378479937216,1,11,0.34729275681693234,0.0058
353,-95.88886108883895,0.9868337993740057,1,63,0.3462508785464815,0.3972
354,-143.03770429837118,0.9588079962757601,1,44,0.34521212591084205,0.567
355,-138.82332091683043,0.9577937758857777,1,20,0.34417648953310953,0.1133
356,-96.38520158459754,0.8958468550051428,1,13,0.3431439600645102,0.4517
357,-96.0020480011264,0.8555391977491199,1,10,0.34211452818431665,0.3348
358,-89.48582086368233,0.9498794645973333,1,14,0.3410881845997637,0.1232
359,-96.44775789445481,0.9368786639228667,1,19,0.3400649200459644,0.2672
360,-96.006656003968,0.8546175971807999,1,10,0.3390447252858265,0.3575
361,-99.04756060486714,0.85265919580064,1,14,0.33802759110996905,0.5333
362,-103.84616508672495,0.8758746622624,1,17,0.3370135083366391,0.4894
363,-73.04361980107817,0.9847180664208275,1,43,0.3360024678116292,0.3364
364,-99.0020480012288,0.6388479943216,1,10,0.3349944604081943,0.0166
365,-92.32026260687782,0.9262175975750399,1,12,0.33398947702696974,0.435
366,-71.78745805215927,0.9748696754734452,1,12,0.3329875085958888,0.0451
367,-101.3937823912535,0.9699934789512888,1,30,0.33198854607010114,0.2872
368,-100.73472200682167,0.6368479931216,1,12,0.33099258043189084,0.1745
369,-92.00691376171496,0.9524929974756,1,17,0.32999960269059514,0.2621
370,-68.9441835333165,0.9831079980652166,1,22,0.32900960388252337,0.0721
371,-97.31488660130022,0.8535103962656001,1,12,0.3280225750708758,0.4101
372,-97.18032102827526,0.9075599972956,1,14,0.32703850734566314,0.2061
373,-99.17241315859559,0.8771733296244001,1,14,0.32605739182362614,0.4992
374,-64.95564575598286,0.9806243786677332,1,19,0.3250792196481553,0.1184
375,-97.0061440036864,0.8183999965463999,1,10,0.3241039819892108,0.1347
376,-104.07164137021879,0.8758826626714667,1,18,0.32313167004324317,0.291
377,-95.31645016413354,0.8949988541025142,1,12,0.32216227503311345,0.4885
378,-96.3965173090444,0.8947497114285714,1,13,0.3211957882080141,0.4983
379,-88.6820868661572,0.9573475531596001,1,18,0.32023220084339005,0.4326
380,-98.09463815102525,0.9368959965096666,1,18,0.31927150424085987,0.4392
381,-52.06052434255237,0.9869138795799766,1,34,0.3183136897281373,0.2404
382,-58.294444874246416,0.9851266184501791,1,30,0.31735874865895286,0.2178
383,-98.0040960024576,0.7585493291381334,1,10,0.316406672412976,0.0448
384,-100.25683173502459,0.8768826631381333,1,15,0.3154574523957371,0.2058
385,-198.229026908727,0.9437565680095998,1,35,0.3145110800385499,0.4887
386,-108.73990149155506,0.95165999722685,1,22,0.31356754679843424,0.3868
387,-100.0,0.279743989872,1,10,0.31262684415803893,0.1344
388,-100.90377186614073,0.8771039966794666,1,16,0.3116889636255648,0.2329
389,-92.66397014737105,0.9766537750198664,1,39,0.3107538967346881,0.4682
390,-124.68566001874123,0.9484981301762132,1,25,0.30982163504448407,0.3383
391,-97.0061440036864,0.8183999962392,1,10,0.3088921701393506,0.5442
392,-93.0128000076544,0.9083679977771999,1,10,0.30796549362893255,0.1353
393,-104.19545622222212,0.85262719607168,1,16,0.30704159714804574,0.5021
394,-95.66179530222274,0.8782159972714667,1,11,0.3061204723566016,0.5499
395,-98.0040960024576,0.7585493291381334,1,10,0.3052021109395318,0.0274
396,-110.5065177624901,0.8752506621546666,1,19,0.3042865046067132,0.3198
397,-125.85229026176103,0.9570501015258105,1,41,0.30337364509289305,0.5573
398,-97.0061440036864,0.8183999965463999,1,10,0.30246352415761435,0.2185
399,-98.70042346567713,0.8768399964625334,1,15,0.3015561335851415,0.2305
400,-97.73515472555394,0.85412479693024,1,12,0.30065146518438607,0.4704
401,-81.42115286712966,0.9800259021987999,1,34,0.2997495107888329,0.4606
402,-66.17513453590178,0.9824409971292333,1,27,0.2988502622564664,0.2714
403,-86.3707459587554,0.9744722559820387,1,22,0.29795371146969696,0.2582
404,-79.011829749604,0.9766597628941883,1,24,0.29705985033528787,0.1192
405,-91.32563860569988,0.9324363614664726,1,12,0.296168670784282,0.0636
406,-92.45201392475634,0.9456514256742856,1,17,0.29528016477192914,0.3162
407,-99.65539529840834,0.6378479937216,1,11,0.29439432427761336,0.1509
408,-88.63645676793901,0.9498453312866667,1,14,0.2935111413047805,0.1601
409,-73.17006490063736,0.97539549824675,1,15,0.29263060788086614,0.0566
410,-97.0061440036864,0.8183999965463999,1,10,0.2917527160572235,0.373
411,-87.33050261102467,0.9501290647204266,1,12,0.29087745790905184,0.0189
412,-101.34556617173612,0.9063679966147,1,18,0.2900048255353247,0.3733
413,-89.0209920137984,0.9382293313394664,1,10,0.28913481105871874,0.0609
414,-95.66358730332354,0.8779173304213335,1,11,0.28826740662554257,0.1208
415,-98.0040960024576,0.7585493291381334,1,10,0.28740260440566595,0.1577
416,-56.240191753774425,0.9840403057121232,1,19,0.28654039659244895,0.0531
417,-100.0,0.279743989872,1,10,0.2856807754026716,0.2575
418,-89.75465072061982,0.9575208868609777,1,19,0.2848237330764636,0.3927
419,-86.33587861430148,0.9529099979705999,1,12,0.2839692618772342,0.2071
420,-181.56078927374298,0.970341710843343,1,40,0.2831173540916025,0.5364
421,-98.0023040013568,0.7591466628383999,1,10,0.28226800202932767,0.3642
422,-99.0005120002816,0.6396159947952,1,10,0.28142119802323967,0.3396
423,-125.44643060349341,0.95018499609165,1,37,0.28057693442917,0.5992
424,-98.0025600015104,0.7590613294538665,1,10,0.27973520362588244,0.0247
425,-84.55009705503812,0.9687411178709759,1,20,0.2788959980150048,0.2031
426,-87.46391927401481,0.9884536976008461,1,77,0.2780593100209598,0.434
427,-83.61979220791196,0.9884910107764884,1,25,0.2772251320908969,0.0676
428,-87.50495190435808,0.9685382377635839,1,21,0.2763934566946242,0.2623
429,-58.57634101845768,0.9851779979568143,1,27,0.2755642763245403,0.1384
430,-131.28929421251513,0.97395849733145,1,49,0.27473758349556665,0.5486
431,-78.31025651704968,0.9702393827496615,1,15,0.27391337074507993,0.354
432,-89.19135716509047,0.9527559976747,1,14,0.2730916306328447,0.064
433,-210.830707044126,0.9844785191142522,1,98,0.27227235574094616,0.5659
434,-112.8856551852609,0.8745066617625333,1,22,0.2714555386737233,0.4855
435,-109.81730835930678,0.9054259960088,1,21,0.2706411720577021,0.445
436,-100.0,0.279743989872,1,10,0.269829248541529,0.4948
437,-100.0,0.279743989872,1,10,0.2690197607959044,0.0303
438,-82.6101565982126,0.9664285197458782,1,17,0.26821270151351667,0.0376
439,-128.60037566564554,0.8521759956152,1,17,0.2674080634089761,0.482
440,-138.02986239514786,0.9229311959612799,1,26,0.2666058392187492,0.5205
441,-97.74086601050807,0.85351039651136,1,12,0.26580602170109296,0.5698
442,-88.72748197917542,0.962828188063581,1,22,0.26500860363598966,0.2685
443,-124.72400627505075,0.9836151541295016,1,65,0.2642135778250817,0.5278
444,-99.73677000805047,0.7572159950048,1,12,0.26342093709160647,0.419
445,-90.04803755181982,0.9668959971293001,1,26,0.26263067428033166,0.464
446,-67.19902184384819,0.985985936361103,1,50,0.26184278225749064,0.4527
447,-65.93297957025047,0.9872271747194521,1,54,0.26105725391071816,0.2694
448,-98.0040960024576,0.7585493291381334,1,10,0.260274082148986,0.1879
449,-83.77406852760572,0.9674899979226668,1,19,0.2594932599025391,0.1896
450,-74.12774350343838,0.9760833919334304,1,18,0.25871478012283144,0.0887
451,-101.2647433085424,0.9731253306888532,1,32,0.25793863578246295,0.4161
452,-61.78009226788669,0.9875212598654421,1,52,0.2571648198751156,0.3822
453,-40.89538628292526,0.9878482201342889,1,25,0.25639332541549026,0.0643
454,-75.83775716431086,0.9767839973982171,1,23,0.2556241454392438,0.2243
455,-90.756177849756,0.9668213303096334,1,26,0.25485727300292604,0.4719
456,-135.30814526751303,0.9358306634321333,1,29,0.25409270118391725,0.4519
457,-65.18914205857828,0.9852986639396533,1,36,0.2533304230803655,0.2356
458,-147.3597336563111,0.9743769373434586,1,55,0.25257043181112443,0.5327
459,-96.0081920049152,0.85431039699136,1,10,0.25181272051569104,0.0786
460,-67.37325465264708,0.9774052550493256,1,12,0.251057282354144,0.1109
461,-74.34879611662052,0.9725885698078859,1,12,0.25030411050708157,0.0181
462,-73.05584803029916,0.9760043616871273,1,17,0.24955319817556032,0.1148
463,-87.32768661174147,0.9503167980059732,1,12,0.24880453858103363,0.2452
464,-86.18168171736116,0.9776589443033266,1,38,0.24805812496529053,0.4197
465,-100.0,0.279743989872,1,10,0.24731395059039465,0.258
466,-104.76531043948567,0.9304363601729455,1,23,0.24657200873862348,0.5637
467,-91.45076889060532,0.9794801922078048,1,32,0.2458322927124076,0.3888
468,-96.12955921212286,0.9880468536570381,1,76,0.24509479583427038,0.4197
469,-84.99232547605868,0.957803553554,1,13,0.24435951144676757,0.1787
470,-98.65448878897539,0.7584799958384,1,11,0.24362643291242728,0.1786
471,-62.3768937826575,0.98008879819164,1,12,0.24289555361369,0.0114
472,-85.90959558714644,0.9712137115764287,1,26,0.24216686695284892,0.2145
473,-100.0,0.279743989872,1,10,0.24144036635199037,0.3018
474,-99.65539529840834,0.6378479937216,1,11,0.24071604525293439,0.3461
475,-100.907795749298,0.8765066629458667,1,16,0.2399938971171756,0.3331
476,-94.659774864906,0.8957599977706286,1,11,0.23927391542582405,0.0807
477,-86.0256000189952,0.9502762647251198,1,10,0.23855609367954658,0.0429
478,-72.44021406809668,0.9747390947770321,1,13,0.23784042539850794,0.0215
479,-99.000256000128,0.6397439948720001,1,10,0.2371269041223124,0.5608
480,-34.46049500499248,0.9888618766170602,1,33,0.23641552340994548,0.0901
481,-96.0081920049152,0.85431039699136,1,10,0.23570627683971565,0.555
482,-74.0522640414616,0.97536649768535,1,17,0.2349991580091965,0.2433
483,-97.31488659927427,0.8535103965113601,1,12,0.2342941605351689,0.47
484,-136.72193530022432,0.9475786630514133,1,31,0.23359127805356342,0.5372
485,-150.28528717753295,0.9410436886520614,1,24,0.23289050421940272,0.3255
486,-96.74291401536567,0.8775839962831999,1,12,0.2321918327067445,0.1982
487,-73.96963687767428,0.9747107078374194,1,16,0.23149525720862427,0.0806
488,-124.7044896518829,0.9709313067164413,1,45,0.2308007714369984,0.5903
489,-122.41392294042089,0.9793375206337522,1,45,0.2301083691226874,0.3475
490,-171.04596734539888,0.9693914045000889,1,38,0.22941804401531934,0.3955
491,-86.07000934008937,0.9576924422452444,1,14,0.2287297898832734,0.3335
492,-84.84245941570228,0.9708574791055407,1,20,0.22804360051362357,0.2331
493,-82.17222444020882,0.968858237814976,1,17,0.2273594697120827,0.1978
494,-93.34783577536666,0.9672293308359,1,22,0.22667739130294645,0.3224
495,-87.025088016256,0.9467611407970284,1,10,0.22599735912903762,0.0956
496,-69.64306574358697,0.9880355082501951,1,64,0.2253193670516505,0.3793
497,-79.64943128598513,0.9863515327088812,1,57,0.22464340895049556,0.3779
498,-183.2896145935522,0.9890489750727592,1,97,0.22396947872364406,0.4003
499,-86.33027417683469,0.9531979980776499,1,12,0.22329757028747313,0.1534
500,-77.2665302159297,0.978668304677005,1,30,0.2226276775766107,0.2991
501,-76.39520808871693,0.9729489631493516,1,16,0.22195979454388087,0.116
502,-89.98208546868588,0.9423618440441229,1,13,0.22129391516024924,0.3116
503,-83.3022095634424,0.9634339028184,1,15,0.2206300334147685,0.2598
504,-96.09742521769324,0.9313687242414544,1,18,0.2199681433145242,0.4611
505,-151.3691347200971,0.9872597298336642,1,58,0.21930823888458062,0.3338
506,-45.058068960686214,0.9857481362068414,1,13,0.21865031416792688,0.0403
507,-98.57146235299189,0.9165955517283556,1,17,0.2179943632254231,0.5024
508,-73.75973801199079,0.9774204421045778,1,22,0.21734038013574683,0.1796
509,-98.57146233899967,0.9165955518680887,1,17,0.21668835899533959,0.5602
510,-80.82170801266167,0.9719279979238856,1,16,0.21603829391835358,0.1071
511,-49.37118458825393,0.9848235615255855,1,15,0.21539017903659852,0.074
512,-84.33818261805828,0.9580142202095998,1,12,0.21474400849948871,0.2344
513,-74.19783082355929,0.9824372215560654,1,36,0.21409977647399026,0.3657
514,-85.2844099950806,0.9722433076954483,1,27,0.21345747714456828,0.2846
515,-124.31746171718838,0.9804351264363828,1,63,0.21281710471313459,0.4851
516,-98.39421330768761,0.8531103957856001,1,13,0.2121786533989952,0.3963
517,-100.0,0.279743989872,1,10,0.2115421174387982,0.3948
518,-69.01710892401094,0.9768927039655528,1,13,0.2109074910864818,0.1222
519,-93.32154260324228,0.9178773308177779,1,12,0.21027476861322236,0.2689
520,-69.75440478618523,0.977285026559177,1,15,0.2096439443073827,0.1314
521,-98.18134503444796,0.8942079966386285,1,14,0.20901501247446055,0.387
522,-99.65539529840834,0.6378479937216,1,11,0.20838796743703716,0.4357
523,-68.73104391476667,0.9806946954287069,1,25,0.20776280353472606,0.1361
524,-88.89404384336247,0.9655860841755828,1,24,0.20713951512412188,0.3421
525,-117.5732441101541,0.9697302818420572,1,46,0.2065180965787495,0.5213
526,-71.4202498254635,0.9832850169731137,1,29,0.20589854228901325,0.4129
527,-99.85818357416578,0.9586425233203368,1,26,0.20528084666214622,0.3956
528,-31.09220557807913,0.9886341796936623,1,20,0.20466500412215977,0.0924
529,-67.0250659499612,0.9780199979861334,1,13,0.2040510091097933,0.1651
530,-96.0081920049152,0.85431039699136,1,10,0.2034388560824639,0.0397
531,-98.88020492975873,0.92433119680128,1,19,0.2028285395142165,0.3792
532,-63.65965321945537,0.9822114020066551,1,24,0.20222005389567385,0.1539
533,-87.94836129315502,0.9551943508253177,1,16,0.20161339373398682,0.1705
534,-13.085833479921035,0.9902264323570608,1,16,0.20100855355278485,0.0099
535,-35.2191002986921,0.9881111328940001,1,20,0.20040552789212648,0.0666
536,-95.35269631832438,0.991191685128248,1,95,0.1998043113084501,0.3613
537,-159.57875052313244,0.9854900825828635,1,88,0.19920489837452476,0.4956
538,-92.20174753422981,0.9569146641944888,1,21,0.1986072836794012,0.2789
539,-79.23036012572334,0.9821067722895022,1,40,0.198011461828363,0.3219
540,-88.52196288130072,0.9722488250182069,1,25,0.1974174274428779,0.4773
541,-80.30448600718154,0.9679513313332665,1,15,0.19682517516054926,0.1478
542,-89.37549007273631,0.9613183977566401,1,18,0.19623469963506762,0.1825
543,-104.11821224119865,0.8162839953082,1,15,0.1956459955361624,0.4185
544,-52.093184073446395,0.9833991819427919,1,10,0.1950590575495539,0.0185
545,-78.69587089030121,0.9667053895217043,1,11,0.19447388037690524,0.0519
546,-78.54420643849578,0.9808259527004444,1,37,0.19389045873577454,0.4208
547,-28.847943342796995,0.9910704659735303,1,59,0.19330878735956722,0.2608
548,-38.11780012363295,0.9874439977112942,1,17,0.1927288609974885,0.0042
549,-99.0020480012288,0.6388479943216,1,10,0.19215067441449604,0.1382
550,-115.26350589260154,0.94762666325728,1,30,0.19157422239125255,0.5345
551,-83.85023962739228,0.9800852065230883,1,39,0.1909994997240788,0.3532
552,-78.82564403058636,0.9826666634561881,1,44,0.19042650122490654,0.4066
553,-64.55664159143109,0.9838713937415849,1,28,0.18985522172123181,0.3059
554,-93.74905801788087,0.9177066639093332,1,12,0.18928565605606812,0.101
555,-71.05777138070593,0.9772658264522972,1,17,0.1887177990878999,0.0937
556,-188.8122626645108,0.9505349966349,1,31,0.1881516456906362,0.461
557,-93.4863033102312,0.9423729210048001,1,16,0.18758719075356428,0.4099
558,-109.63752689522518,0.8152839947082,1,17,0.18702442918130358,0.5395
559,-65.6318824157486,0.9822440829717105,1,24,0.18646335589375967,0.1578
560,-61.296548544206,0.9858805133114323,1,31,0.1859039658260784,0.2274
561,-124.89690531366588,0.97817359630706,1,48,0.18534625392860016,0.4912
562,-86.68760138603885,0.9613951973973199,1,18,0.18479021516681435,0.4323
563,-92.14173532339247,0.9420541512627694,1,15,0.1842358445213139,0.1986
564,-78.27774998343865,0.9718491406897428,1,18,0.18368313698774996,0.2953
565,-95.010240006144,0.8782506639546667,1,10,0.1831320875767867,0.2558
566,-68.86733933595544,0.9810760909896371,1,20,0.18258269131405633,0.0611
567,-98.31283859804547,0.8173999959464,1,12,0.18203494324011416,0.2946
568,-88.67613131328194,0.9426892286591999,1,11,0.18148883841039382,0.2914
569,-106.94880369541374,0.9480405294086399,1,26,0.18094437189516263,0.5535
570,-156.57700260969528,0.9620334507264001,1,46,0.18040153877947715,0.5933
571,-91.67655864198589,0.9491242642227199,1,18,0.1798603341631387,0.2442
572,-93.86547569546448,0.9827159966638,1,51,0.1793207531606493,0.421
573,-86.3829272316525,0.9595199975373475,1,16,0.17878279090116736,0.0687
574,-95.0084480050432,0.8785493308048,1,10,0.17824644252846386,0.1645
575,-110.32926873600684,0.6338479913216,1,15,0.17771170320087848,0.5028
576,-100.47149201487213,0.8163999953464001,1,14,0.17717856809127586,0.5909
577,-75.1332945999751,0.9788525098616819,1,25,0.17664703238700202,0.2312
578,-96.0511721709552,0.9073679971897,1,14,0.17611709128984102,0.4043
579,-94.66384330345153,0.8953211403428571,1,11,0.1755887400159715,0.3971
580,-178.070690099976,0.9890909852848373,1,132,0.1750619737959236,0.5107
581,-79.65993304303495,0.9771297752257113,1,28,0.1745367878745358,0.2833
582,-102.46944538284625,0.85271039603136,1,14,0.1740131775109122,0.3945
583,-154.80191310380243,0.9813414861440315,1,76,0.17349113797837945,0.5679
584,-92.06036061403194,0.9375626642493332,1,14,0.17297066456444432,0.2397
585,-99.0020480012288,0.6388479943216,1,10,0.172451752570751,0.2243
586,-99.0020480012288,0.6388479943216,1,10,0.17193439731303872,0.2521
587,-85.56043224915588,0.9672679976402666,1,20,0.1714185941210996,0.3036
588,-96.2276256329888,0.9370453307336,1,18,0.1709043383387363,0.359
589,-94.75210900734565,0.9522269976533,1,19,0.1703916253237201,0.5176
590,-94.74552898149182,0.9546964681205177,1,21,0.16988045044774894,0.3268
591,-51.06090598370519,0.9840938441107077,1,13,0.1693708090964057,0.0107
592,-100.57767037728999,0.9664986637300667,1,30,0.1688626966691165,0.4681
593,-63.50537946768739,0.9810370212132093,1,17,0.16835610857910915,0.0625
594,-93.65822795268545,0.9566071081164446,1,23,0.16785104025337183,0.3655
595,-95.0102400073728,0.8782506637498666,1,10,0.16734748713261172,0.1452
596,-57.69337442493534,0.98618724735075,1,33,0.16684544467121387,0.2337
597,-97.17447548234128,0.9313032696425455,1,19,0.16634490833720023,0.356
598,-124.42368615390444,0.9525007017824,1,38,0.16584587361218864,0.5384
599,-81.12365473744369,0.9699101516164923,1,18,0.16534833599135207,0.2377
600,-213.39305826919136,0.9817756934401056,1,82,0.164852290983378,0.5438
601,-404.933050593435,0.9581127202239639,1,89,0.16435773411042787,0.8288
602,0.5151758471926797,0.9920773697281612,1,50,0.1638646609080966,0.272
603,-80.22114901443715,0.9837128694769891,1,49,0.1633730669253723,0.277
604,-160.20403911696604,0.8909691379638858,1,27,0.16288294772459616,0.42
605,-84.9175981150077,0.9850410287698708,1,56,0.16239429888142237,0.3864
606,-55.71289577198855,0.9841065639674567,1,21,0.1619071159847781,0.1889
607,-93.79050218051607,0.9373573309291331,1,16,0.16142139463682378,0.2328
608,-94.36401076900067,0.9317090883119273,1,16,0.1609371304529133,0.6036
609,-39.08013357057582,0.9867602479726876,1,13,0.16045431906155455,0.0211
610,-109.98466403441518,0.7545493267381334,1,16,0.15997295610436987,0.6616
611,-81.68893132106433,0.96210799817792,1,11,0.15949303723605676,0.0207
612,-124.8174797428961,0.94580479497408,1,42,0.1590145581243486,0.5129
613,-345.45512749005775,0.8662853231045332,1,45,0.15853751444997555,0.7593
614,-122.18754478484095,0.9225311955983999,1,28,0.1580619019066256,0.7367
615,-140.52421086439884,0.8719173257999998,1,29,0.15758771620090573,0.7419
616,-8.799200642342655,0.9916300133032464,1,44,0.157114953052303,0.142
617,-86.33741461521987,0.9528139979132,1,12,0.1566436081931461,0.1931
618,-86.80040690987235,0.9597759978386106,1,16,0.15617367736856666,0.1908
619,-99.70090790864884,0.8523103953055999,1,15,0.15570515633646095,0.3575
620,-99.65539529840834,0.6369519921712,1,11,0.15523804086745158,0.8779
621,-129.74075477787295,0.9872816586780362,1,69,0.15477232674484923,0.3901
622,-115.50087419728587,0.9842645115316903,1,77,0.15430800976461467,0.5361
623,-84.52434171672827,0.9705025159143408,1,23,0.15384508573532082,0.1961
624,-98.39421330768761,0.85311039627136,1,13,0.15338355047811486,0.2786
625,-96.31693460293187,0.8775839964832001,1,12,0.15292339982668052,0.0946
626,-130.385707100559,0.8507103945856,1,19,0.15246462962720048,0.6357
627,-109.58500617684491,0.9295272686184,1,28,0.15200723573831887,0.5581
628,-87.67997131561154,0.946508569302857,1,11,0.15155121403110391,0.085
629,-466.1125642858859,0.979066554520448,1,127,0.1510965603890106,0.7221
630,-101.17520102525447,0.8163999953464001,1,14,0.15064327070784356,0.471
631,-92.97668190149702,0.92571039763136,1,13,0.15019134089572003,0.352
632,-68.50735209618472,0.9822476641099832,1,31,0.14974076687303287,0.224
633,-96.31693460050307,0.877583996888,1,12,0.14929154457241375,0.2723
634,-223.32049569891996,0.9862595028624438,1,97,0.14884366993869652,0.504
635,-87.70505903483401,0.956200469003953,1,15,0.14839713892888043,0.2524
636,-253.4713726118649,0.8699519919711998,1,34,0.14795194751209378,0.882
637,-99.65539529840834,0.6378479937216,1,11,0.1475080916695575,0.2881
638,-223.99930349761308,0.9857562057989577,1,116,0.14706556739454882,0.5678
639,-68.86178390557633,0.9810869067023638,1,25,0.14662437069236517,0.1813
640,-92.665662868746,0.9182702200615999,1,11,0.14618449758028806,0.0879
641,-231.38988736973675,0.9844155240478235,1,116,0.1457459440875472,0.6578
642,-101.84420104573324,0.954370820582447,1,23,0.14530870625528455,0.4626
643,-127.90306475418468,0.9293454505664727,1,29,0.1448727801365187,0.6326
644,-169.6870163063441,0.9868885017771242,1,92,0.14443816179610913,0.3966
645,113.05961045283038,0.9949940433753246,1,36,0.1440048473107208,0.0308
646,-225.84883534574047,0.9514145833692235,1,48,0.14357283276878863,0.5863
647,-251.3832858769571,0.9892908911025998,1,159,0.14314211427048226,0.5291
648,-100.0,0.27795198677120003,1,10,0.1427126879276708,0.6674
649,-102.5947560318705,0.9415212282052307,1,20,0.1422845498638878,0.3598
650,-125.97667727630296,0.9570745222902316,1,40,0.14185769621429614,0.6666
651,-199.41721050961664,0.9119519938378667,1,37,0.14143212312565326,0.8317
652,-100.38298751056132,0.7576586620874668,1,13,0.1410078267562763,0.4481
653,-66.00224735783732,0.9870652025623563,1,53,0.14058480327600748,0.2762
654,-108.28820021246813,0.9847779954337375,1,74,0.14016304886617945,0.3901
655,-229.4397273575118,0.9805270533026197,1,96,0.1397425597195809,0.698
656,-83.68816332052674,0.9579404425180444,1,11,0.13932333204042216,0.1234
657,-99.0020480012288,0.6388479943216,1,10,0.1389053620443009,0.3686
658,-97.2079988641744,0.9171875524067556,1,16,0.138488645958168,0.2883
659,-70.32650202461868,0.9767298804155764,1,15,0.1380731800202935,0.0952
660,-88.33152660936068,0.9464937123193142,1,12,0.13765896048023263,0.1237
661,-97.70500390450428,0.8939222823570285,1,15,0.13724598359879192,0.5469
662,-155.03768575610303,0.8483391928528,1,28,0.13683424564799554,0.8788
663,-96.14269504539307,0.9315272699274909,1,17,0.13642374291105155,0.3711
664,-91.3350331091637,0.9520509972302,1,19,0.1360144716823184,0.4077
665,-164.64484510208916,0.95785199516688,1,51,0.13560642826727143,0.6725
666,-86.72753192416508,0.9574959976021334,1,15,0.1351996089824696,0.1354
667,-207.53453530444216,0.9531143496966588,1,42,0.1347940101555222,0.7715
668,-100.0,0.27795198677120003,1,10,0.13438962812505564,0.835
669,-266.05516011750626,0.9793186040686261,1,81,0.13398645924068048,0.6349
670,-69.94824930460929,0.978179024749081,1,19,0.13358449986295842,0.105
671,-3.245269857438686,0.9939291374091428,1,130,0.13318374636336955,0.2987
672,-100.73054672281474,0.6374879931184,1,12,0.13278419512427944,0.8404
673,-291.1890010809383,0.8708213247548001,1,36,0.1323858425389066,0.7835
674,-114.49407896710156,0.8758213284214666,1,21,0.13198868501128988,0.7302
675,-91.47241700736629,0.9772013696745601,1,34,0.13159271895625602,0.4739
676,-96.0035840020736,0.8551807973289598,1,10,0.13119794079938724,0.756
677,-90.7552020224499,0.9377679977271999,1,12,0.13080434697698906,0.0745
678,-100.0,0.2794879887184,1,10,0.1304119339360581,0.7915
679,-78.0417280323584,0.9668702590223305,1,10,0.13002069813424993,0.1007
680,23.094313857016814,0.9923908895026216,1,18,0.12963063603984717,0.0181
681,-113.4602003750524,0.9691294782743705,1,40,0.12924174413172762,0.6602
682,-128.25042252348595,0.8768639966106666,1,18,0.12885401889933243,0.8502
683,-421.4857364152288,0.9895400283282689,1,198,0.12846745684263444,0.5977
684,-78.27621398490157,0.9719039977796857,1,18,0.12808205447210655,0.3482
685,-46.071401991708214,0.9853049804579369,1,13,0.12769780830869024,0.0175
686,-99.03832044900376,0.8535807962031999,1,14,0.12731471488376417,0.8119
687,-103.31970510282589,0.9240847966959999,1,21,0.12693277073911288,0.436
688,-95.31898260173188,0.8947794253814856,1,12,0.12655197242689553,0.3159
689,-60.48998266469114,0.9860472588098461,1,41,0.12617231650961486,0.3233
690,-155.2382314081288,0.9772089709670244,1,76,0.12579379956008602,0.5246
691,-100.0,0.2794879887184,1,10,0.12541641816140575,0.8677
692,-252.97879448264814,0.9489209954555999,1,53,0.12504016890692154,0.7827
693,-14.867206466205147,0.9902740184637306,1,22,0.12466504840020078,0.1029
694,-230.6093337577767,0.84678078956688,1,31,0.12429105325500017,0.8543
695,-148.9025206507615,0.905675994348,1,20,0.12391818009523517,0.5598
696,-85.33613461348227,0.9556649393146354,1,12,0.12354642555494946,0.0628
697,-100.0,0.279743989872,1,10,0.12317578627828461,0.0462
698,-91.08637333422134,0.9756223008587636,1,21,0.12280625891944975,0.1707
699,-286.5103126424392,0.9714834953454,1,95,0.1224378401426914,0.6803
700,-100.0,0.2794879887184,1,10,0.12207052662226334,0.8367
701,-106.34277857938842,0.9762351079589779,1,45,0.12170431504239655,0.4794
702,-188.68915911349794,0.9626274732135651,1,57,0.12133920209726937,0.677
703,-45.33919006911116,0.9860710796804852,1,18,0.12097518449097756,0.0845
704,-139.67080946887359,0.9346933293743334,1,38,0.12061225893750463,0.6475
705,-83.4167413239436,0.96215119825504,1,13,0.12025042216069212,0.0573
706,78.3954086701581,0.9943802096751894,1,59,0.11988967089421004,0.1148
707,-319.4736353389095,0.9402354230734856,1,64,0.11953000188152742,0.7304
708,-92.0163840135168,0.918151108483911,1,10,0.11917141187588283,0.0555
709,-31.65413975186833,0.989965163865,1,39,0.11881389764025518,0.1177
710,-91.66870730634433,0.9262383979507198,1,11,0.11845745594733442,0.1076
711,-99.0020480012288,0.6388479943216,1,10,0.11810208357949242,0.3311
712,-122.80916434296016,0.9562639971376888,1,33,0.11774777732875394,0.5881
713,-75.95142318947968,0.9746033529805161,1,16,0.11739453399676768,0.06
714,-98.47763739021904,0.9172622191982222,1,14,0.11704235039477738,0.4261
715,-81.42864411573885,0.9708479976501333,1,20,0.11669122334359305,0.3896
716,-99.91146217201128,0.9541750557972707,1,23,0.11634114967356228,0.4516
717,-18.550651745152436,0.9900858468209118,1,20,0.1159921262245416,0.0251
718,-94.66563530698113,0.8950651398386286,1,11,0.11564414984586797,0.2759
719,-59.00817543221025,0.9821446934669219,1,16,0.11529721739633036,0.0721
720,-62.21940439605175,0.9837708654832302,1,29,0.11495132574414137,0.3372
721,-51.403974675968676,0.9838914491345568,1,12,0.11460647176690894,0.0743
722,-0.22623726738532923,0.9918655962231296,1,40,0.11426265235160821,0.1301
723,-46.336519111830754,0.9858474644259466,1,18,0.11391986439455339,0.078
724,-79.77607190401467,0.9833952559338075,1,47,0.11357810480136972,0.3538
725,-88.4632124065204,0.9641059032706284,1,21,0.11323737048696561,0.4934
726,-70.74701783205285,0.9799305341911221,1,22,0.11289765837550471,0.2051
727,-195.1075271319562,0.9840268542862857,1,76,0.1125589654003782,0.5003
728,-104.60213004504398,0.9508139965632,1,28,0.11222128850417706,0.4427
729,-91.0184320110592,0.9261311978812798,1,10,0.11188462463866453,0.0058
730,-96.14424675311835,0.9543830560706352,1,22,0.11154897076474853,0.4005
731,-128.29672576837407,0.8136799941835999,1,22,0.11121432385245428,0.7877
732,-181.79911291441266,0.8473855934518401,1,30,0.11088068088089692,0.8737
733,-76.14699863364223,0.9792235972324,1,27,0.11054803883825423,0.2219
734,-97.69015930808581,0.8952022828781713,1,15,0.11021639472173947,0.7013
735,-260.95307007566896,0.983074766454446,1,77,0.10988574553757426,0.4637
736,-129.09935675173125,0.8747013290130666,1,25,0.10955608830096153,0.7581
737,-111.95862556894859,0.9889415879147699,1,91,0.10922742003605865,0.4347
738,-96.88041709391976,0.95303299796485,1,21,0.10889973777595047,0.6083
739,-66.37683865239427,0.977933331339111,1,12,0.10857303856262261,0.0223
740,-65.0455496380821,0.989214953076113,1,56,0.10824731944693475,0.2924
741,-96.0081920049152,0.8543103967456,1,10,0.10792257748859395,0.0239
742,-138.4587484348267,0.9798044856988685,1,53,0.10759880975612816,0.4959
743,-103.24072468732119,0.7563253280541332,1,15,0.10727601332685978,0.7491
744,-189.6835293516755,0.6306159898452,1,19,0.1069541852868792,0.6959
745,-87.9503193768536,0.9550889385596707,1,16,0.10663332273101855,0.1489
746,-123.48395366903566,0.9298516327820362,1,33,0.1063134227628255,0.5947
747,-103.71139499903566,0.9067379966582,1,21,0.10599448249453702,0.654
748,-49.24404302033867,0.9853586184366346,1,17,0.10567649904705341,0.1062
749,-58.25788909256732,0.982615147091268,1,14,0.10535946954991225,0.0484
750,-60.235064711756,0.9860005053515427,1,33,0.10504339114126252,0.2362
751,-106.76848441037143,0.9559404407100445,1,29,0.10472826096783873,0.4408
752,-80.83641407978197,0.9784935357284308,1,32,0.10441407618493521,0.3602
753,-98.52455678215271,0.9542108202593411,1,25,0.10410083395638041,0.5616
754,-50.226896528463186,0.9873648861116556,1,36,0.10378853145451127,0.2472
755,-84.47498910757675,0.9675646641333667,1,19,0.10347716586014773,0.4003
756,-48.06884199556775,0.9848171614874764,1,13,0.10316673436256728,0.0268
757,-68.1735709349938,0.9817332151572346,1,27,0.10285723415947957,0.2217
758,-60.346321074444454,0.9861772090629939,1,41,0.10254866245700113,0.2715
759,-72.14529727502854,0.9770623975466973,1,18,0.10224101646963013,0.1474
760,-86.43906191689496,0.9766995526349334,1,36,0.10193429342022124,0.3661
761,-159.74725304655243,0.9900685469173587,1,113,0.10162849053996058,0.4618
762,-99.65244078774658,0.638743994372,1,11,0.10132360506834069,0.7686
763,-68.15615763045045,0.9801030218372292,1,20,0.10101963425313566,0.1672
764,-68.68302124800844,0.9772031978899199,1,14,0.10071657535037626,0.1036
765,9.687446918412533,0.993696272412184,1,31,0.10041442562432513,0.0367
766,-89.50318747113539,0.9658358235701217,1,21,0.10011318234745216,0.3437
767,-137.81249369121463,0.9849271555453194,1,23,0.0998128428004098,0.0616
768,-147.34296445707855,0.9808496285470367,1,74,0.09951340427200858,0.5424
769,-102.50972653118082,0.636743993372,1,13,0.09921486405919255,0.7135
770,-100.0,0.279743989872,1,10,0.09891721946701497,0.7391
771,-100.0,0.279743989872,1,10,0.09862046780861393,0.8959
772,-99.52390173413252,0.8531103953056001,1,13,0.09832460640518809,0.5247
773,-97.8410569625771,0.9775536806032842,1,40,0.09802963258597253,0.3643
774,-46.96274245120762,0.992070694343169,1,36,0.0977355436882146,0.0644
775,-100.0,0.279743989872,1,10,0.09744233705714996,0.7583
776,-112.11324392217738,0.9804261791600726,1,38,0.09715001004597851,0.4256
777,-76.35789463736708,0.9701747670002463,1,12,0.09685856001584058,0.149
778,-64.02541798479555,0.9842023680653036,1,27,0.09656798433579306,0.2286
779,-78.97493999343558,0.9907076669693771,1,96,0.09627828038278567,0.3878
780,-72.80768796110169,0.9875821270304728,1,55,0.09598944554163731,0.3636
781,-20.89295242187461,0.9898259531526133,1,19,0.0957014772050124,0.0177
782,-78.39931124000823,0.9709072569833481,1,16,0.09541437277339737,0.2394
783,-69.76081194947366,0.9771899409839544,1,15,0.09512812965507718,0.0999
784,-100.0,0.279743989872,1,10,0.09484274526611194,0.6603
785,16.535714072097576,0.9924471851609505,1,37,0.09455821703031361,0.0778
786,-88.29338807181452,0.95263099773605,1,15,0.09427454237922267,0.2205
787,-97.0061440036864,0.8183999965463999,1,10,0.09399171875208501,0.0777
788,-81.44851351795667,0.9911043559554585,1,111,0.09370974359582875,0.3958
789,-86.68201931561154,0.9499381313493331,1,11,0.09342861436504125,0.0141
790,-84.43253583146365,0.9671933309277333,1,20,0.09314832852194613,0.3637
791,-65.0494076795313,0.9823449975633668,1,27,0.09286888353638029,0.2278
792,-100.0,0.279743989872,1,10,0.09259027688577115,0.6687
793,-100.0,0.279743989872,1,10,0.09231250605511383,0.6429
794,-100.0,0.279743989872,1,10,0.0920355685369485,0.7153
795,-80.20456658204954,0.9905100138285168,1,77,0.09175946183133765,0.3617
796,89.98821679603236,0.9953994476099393,1,152,0.09148418344584364,0.2631
797,-52.878348727094796,0.9862911419667572,1,19,0.0912097308955061,0.0022
798,-100.0,0.279743989872,1,10,0.09093610170281959,0.3968
799,-102.50972653118082,0.636743993372,1,13,0.09066329339771112,0.8496
800,-135.76059127838278,0.9870715858892515,1,76,0.09039130351751799,0.4442
801,-263.9776142226698,0.9801348962314039,1,106,0.09012012960696544,0.5433
802,-37.84705260115106,0.9884101239517975,1,31,0.08984976921814454,0.1459
803,-100.0,0.279743989872,1,10,0.0895802199104901,0.7974
804,-177.26746356724465,0.8107439928719999,1,28,0.08931147925075864,0.7103
805,-100.0,0.279743989872,1,10,0.08904354481300636,0.6794
806,-26.14669106264776,0.9898866493578781,1,34,0.08877641417856734,0.1324
807,-99.04879819286042,0.9854421135490588,1,77,0.08851008493603164,0.5231
808,-83.2966831041626,0.9715634262928,1,22,0.08824455468122355,0.2741
809,-110.30743768123628,0.634743992372,1,15,0.08797982101717988,0.7095
810,-60.691469263737154,0.9812479979472372,1,14,0.08771588155412834,0.0656
811,-100.0,0.279743989872,1,10,0.08745273390946595,0.8314
812,-73.6694532390769,0.9738559978093867,1,14,0.08719037570773755,0.0847
813,-102.17315302402567,0.7558826608714666,1,14,0.08692880458061433,0.6021
814,-105.45195177903736,0.6356159925952,1,14,0.08666801816687249,0.7919
815,-100.0,0.279743989872,1,10,0.08640801411237187,0.7868
816,-133.79739620945105,0.97832999663232,1,45,0.08614879007003474,0.4098
817,-48.120933113769276,0.9861846324919364,1,24,0.08589034369982464,0.1846
818,-98.73464272527234,0.8177839962332001,1,12,0.08563267266872517,0.5424
819,-99.000256000128,0.6397439948720001,1,10,0.085375774650719,0.8645
820,-8.980410394917982,0.9928170236317473,1,98,0.08511964732676684,0.3401
821,-97.0061440049152,0.8183999962391999,1,10,0.08486428838478655,0.5928
822,-100.0,0.279743989872,1,10,0.08460969551963218,0.7002
823,-74.00997996122378,0.9801375213014095,1,25,0.08435586643307329,0.291
824,-98.31283859804547,0.8173999959464,1,12,0.08410279883377407,0.3205
825,-336.9479323440948,0.9844684655615529,1,111,0.08385049043727275,0.6006
826,-237.56497817220776,0.985793748505841,1,98,0.08359893896596093,0.5923
827,-89.41264531997561,0.9462228549334856,1,13,0.08334814214906305,0.4363
828,-74.15392377904257,0.978262312956463,1,25,0.08309809772261587,0.2966
829,-30.811387342257106,0.9891597149565364,1,27,0.08284880342944802,0.1691
830,-417.2382881868363,0.9907237395864251,1,225,0.08260025701915967,0.5441
831,-114.18792462412247,0.9911242888293982,1,74,0.0823524562481022,0.3578
832,-95.05575260978235,0.9172622194712888,1,14,0.08210539887935789,0.4323
833,-101.9316358021649,0.9165439967288889,1,18,0.08185908268271981,0.2925
834,-100.0,0.279743989872,1,10,0.08161350543467165,0.7679
835,-100.0,0.279743989872,1,10,0.08136866491836764,0.721
836,-100.0,0.279743989872,1,10,0.08112455892361253,0.73
837,-49.704035337345935,0.9851356913174154,1,11,0.0808811852468417,0.009
838,-140.7944843797282,0.95871839579428,1,44,0.08063854169110117,0.5662
839,-564.359390774574,0.9896068019500864,1,271,0.08039662606602786,0.6203
840,-111.95103349535971,0.985540055908358,1,69,0.08015543618782978,0.4341
841,-100.0,0.279743989872,1,10,0.07991496987926629,0.8008
842,-235.65568071741697,0.9740437609053413,1,59,0.07967522496962849,0.5462
843,-50.53290468428776,0.9863764977178,1,24,0.07943619929471961,0.0945
844,-100.0,0.279743989872,1,10,0.07919789069683544,0.7712
845,-80.57246426045258,0.972496549479062,1,20,0.07896029702474494,0.2862
846,-92.40650131628921,0.932114906614109,1,13,0.0787234161336707,0.2977
847,-102.1621673189274,0.7570773285386666,1,14,0.07848724588526969,0.7025
848,-100.0,0.279743989872,1,10,0.07825178414761388,0.8676
849,-100.0,0.279743989872,1,10,0.07801702879517104,0.8385
850,-165.18521270352485,0.9427942815355428,1,37,0.07778297770878553,0.6046
851,-100.0,0.279743989872,1,10,0.07754962877565917,0.6733
852,-229.14441587011356,0.9826638597066847,1,101,0.0773169798893322,0.5987
853,-95.01437911543387,0.9625036161916191,1,24,0.07708502894966421,0.5028
854,-51.04434866552957,0.984354767349923,1,13,0.07685377386281522,0.0514
855,-96.8781586827026,0.9585482074864843,1,26,0.07662321254122678,0.5257
856,45.574021246557464,0.9944731437959271,1,157,0.0763933429036031,0.2979
857,-123.97224090312454,0.9932089409904306,1,218,0.07616416287489229,0.4497
858,-262.43439476434423,0.9793845058572255,1,88,0.07593567038626761,0.5713
859,-100.84320955106915,0.9838953176892202,1,68,0.0757078633751088,0.4868
860,-100.0,0.279743989872,1,10,0.07548073978498347,0.8725
861,-100.0,0.279743989872,1,10,0.07525429756562853,0.712
862,-90.83808487595756,0.9867101824426241,1,74,0.07502853467293165,0.4814
863,-130.44317039779168,0.9908909239792901,1,153,0.07480344906891286,0.512
864,-100.0,0.279743989872,1,10,0.07457903872170611,0.7693
865,-100.38229162945206,0.7577439955386667,1,13,0.07435530160554099,0.7693
866,-102.96818227376029,0.9660353298473333,1,33,0.07413223570072437,0.5775
867,-100.0,0.279743989872,1,10,0.0739098389936222,0.6693
868,-100.0,0.279743989872,1,10,0.07368810947664134,0.6949
869,1.42574653202513,0.9924725862249613,1,65,0.07346704514821141,0.1971
870,-104.12325651028699,0.9506729955276499,1,29,0.07324664401276677,0.6291
871,-95.49343190953455,0.9544103494863059,1,21,0.07302690408072847,0.2885
872,-100.0,0.279743989872,1,10,0.07280782336848628,0.8015
873,-80.78379653823343,0.9707419236850963,1,19,0.07258939989838081,0.3394
874,-74.65192705651577,0.9898875589050329,1,97,0.07237163169868567,0.4411
875,-100.0,0.279743989872,1,10,0.07215451680358961,0.8605
876,-126.10597633885149,0.9430468521398856,1,36,0.07193805325317884,0.6314
877,-168.71484852962055,0.9791592677247452,1,66,0.07172223909341931,0.5189
878,-120.71810076569051,0.9046759955588,1,24,0.07150707237613906,0.608
879,-98.73881800927927,0.8173999959464,1,12,0.07129255115901063,0.5778
880,-102.17315302402567,0.7558826608714666,1,14,0.0710786735055336,0.5069
881,-56.04160908151067,0.9863299975183125,1,26,0.07086543748501699,0.1691
882,-92.3169897286088,0.9263455980119998,1,12,0.07065284117256193,0.0395
883,-62.00653612836518,0.9842501791609016,1,30,0.07044088264904425,0.1869
884,-102.50972653118082,0.636743993372,1,13,0.07022956000109712,0.8744
885,-100.0,0.279743989872,1,10,0.07001887132109383,0.727
886,-99.09512258496599,0.9312058147232001,1,18,0.06980881470713055,0.3178
887,-60.659218722844265,0.9817546645221333,1,17,0.06959938826300915,0.0951
888,34.448267548346934,0.9928333302776,1,22,0.06939059009822013,0.0853
889,80.47265494590303,0.9942393887011374,1,50,0.06918241832792547,0.1438
890,-32.57520380032943,0.9895672176845755,1,30,0.0689748710729417,0.0716
891,-284.0156713509821,0.9904148664308,1,190,0.06876794645972288,0.5923
892,-105.45006017658545,0.635743992872,1,14,0.06856164262034371,0.7992
893,-108.41208280019569,0.9472714617930665,1,31,0.06835595769248268,0.6181
894,-113.5808483398407,0.9685076890683384,1,37,0.06815088981940523,0.3808
895,-87.665150867978,0.9474959986658854,1,11,0.06794643714994701,0.0646
896,-100.0,0.279743989872,1,10,0.06774259783849718,0.6357
897,-98.65565129853634,0.7584799957717333,1,11,0.06753937004498169,0.6816
898,23.16596053287617,0.992287872843907,1,17,0.06733675193484674,0.0373
899,-107.84597483073271,0.9297512688349091,1,26,0.0671347416790422,0.6521
900,-61.086450571513424,0.9817489756332087,1,17,0.06693333745400507,0.0994
901,-100.0,0.279743989872,1,10,0.06673253744164305,0.7708
902,6.164914531812428,0.9913640700321745,1,14,0.06653233982931812,0.0145
903,-99.0005120002816,0.6396159947952,1,10,0.06633274280983018,0.6864
904,-78.7080538368249,0.9717302833461714,1,18,0.06613374458140069,0.2399
905,-93.66768330578114,0.9079259975088,1,11,0.06593534334765648,0.2001
906,-100.0,0.279743989872,1,10,0.06573753731761352,0.7469
907,3.5157389331275084,0.9917057302997866,1,29,0.06554032470566068,0.1277
908,-100.0,0.279743989872,1,10,0.0653437037315437,0.7333
909,-60.699405273784436,0.9810634395720931,1,14,0.06514767262034907,0.1077
910,21.69246239671797,0.9933048840699734,1,74,0.06495222960248802,0.2748
911,-71.33117456651439,0.9831698433736616,1,36,0.06475737291368056,0.3262
912,-100.0,0.279743989872,1,10,0.06456310079493952,0.8191
913,-30.206180219163286,0.9897532874990794,1,37,0.06436941149255469,0.2452
914,-36.898369723998286,0.9889596246309769,1,40,0.06417630325807702,0.3062
915,-100.0,0.279743989872,1,10,0.0639837743483028,0.7689
916,33.53922890428956,0.9934859431517837,1,29,0.06379182302525789,0.0245
917,-41.44356102717431,0.9888132561455427,1,24,0.06360044755618212,0.087
918,24.752007954948454,0.9929725389034073,1,55,0.06340964621351357,0.28
919,-117.41665681986358,0.992530710020583,1,56,0.06321941727487303,0.0709
920,-98.0040960024576,0.7585493291381334,1,10,0.0630297590230484,0.3122
921,-10.500536150872648,0.9906773303141094,1,26,0.06284066974597925,0.1539
922,-86.46977714747703,0.9681651175424,1,24,0.06265214773674131,0.317
923,-78.96974781527882,0.9699261518477539,1,16,0.06246419129353109,0.0804
924,-103.07979189046361,0.9446182822919429,1,25,0.0622767987196505,0.4307
925,-124.78336646752781,0.988677139746324,1,43,0.06208996832349155,0.1799
926,-46.56595519207397,0.9898767488391681,1,61,0.06190369841852107,0.2843
927,-158.83361398510453,0.9694620647382071,1,64,0.06171798732326551,0.7078
928,-98.06045337565571,0.9767446450542703,1,44,0.06153283336129571,0.4441
929,-46.97960527140602,0.9893659536949361,1,57,0.061348234861211826,0.3598
930,-104.07747660820206,0.9580463118095157,1,30,0.06116419015662819,0.4421
931,-89.63847720977571,0.9461897118847998,1,14,0.0609806975861583,0.219
932,112.46855761013867,0.9954146577877634,1,54,0.06079775549339983,0.0713
933,13.052733661625624,0.9920560610921728,1,24,0.06061536222691963,0.0747
934,-100.0,0.27795198677120003,1,10,0.06043351614023887,0.8587
935,-100.0,0.27795198677120003,1,10,0.060252215591818155,0.8165
936,-58.72221134817829,0.9816018590056186,1,11,0.0600714589450427,0.0468
937,-240.80159517874995,0.9029519941176001,1,30,0.05989124456820757,0.728
938,-316.3954290328397,0.9406514227600001,1,52,0.059711570834502944,0.694
939,10.342315492374397,0.9919072227091742,1,29,0.05953243612199943,0.1486
940,-73.42578025731868,0.9799725688805333,1,30,0.05935383881363344,0.2807
941,-155.17128372205855,0.9883510050880494,1,120,0.05917577729719254,0.5639
942,68.16817475644615,0.9942574583185665,1,39,0.05899824996530096,0.0916
943,-100.0,0.27795198677120003,1,10,0.05882125521540506,0.885
944,-105.77513865827835,0.9361013297557332,1,22,0.05864479144975884,0.3485
945,-98.0040960024576,0.7585493291381334,1,10,0.05846885707540957,0.4483
946,-113.64174872694687,0.972066756193655,1,27,0.05829345050418334,0.4104
947,-203.2284877028144,0.9017019927676,1,35,0.05811857015267079,0.7006
948,-175.87763367418765,0.9726186617555392,1,68,0.057944214442212774,0.6251
949,-259.3372367831829,0.9309519927664,1,52,0.05777038179888613,0.836
950,-97.65949130086594,0.817835995958,1,11,0.05759707065348948,0.791
951,-49.31038375240011,0.9861954971920501,1,28,0.05742427944152901,0.2097
952,-214.85904487123818,0.9568564166012211,1,55,0.057252006603204425,0.7293
953,4.730071479574505,0.9924667881160376,1,63,0.05708025058339481,0.2398
954,-148.63405016360176,0.9755017739945777,1,55,0.056909009831644625,0.5215
955,-194.20116424655512,0.9221519952911998,1,29,0.05673828280214969,0.6463
956,-61.58692481149611,0.9935548899407493,1,157,0.05656806795374324,0.373
957,-100.0,0.279743989872,1,10,0.056398363749882004,0.8717
958,-102.95136567022797,0.9318516338820362,1,22,0.05622916865863236,0.5312
959,-90.31888270163694,0.9671413307610001,1,26,0.056060481152656466,0.4045
960,-168.79316314561567,0.9802825347162731,1,40,0.0558922997091985,0.3633
961,-102.7343344550626,0.9498879976275202,1,22,0.0557246228100709,0.3353
962,-100.0,0.279743989872,1,10,0.055557448941640684,0.6886
963,-100.0962927728072,0.9677593314433666,1,31,0.05539077659481576,0.43
964,-283.97059503604044,0.9705561343941516,1,69,0.05522460426503131,0.6501
965,-100.0,0.279743989872,1,10,0.05505893045223622,0.8891
966,-140.8726849492984,0.9792928753836683,1,64,0.054893753660879514,0.6067
967,-100.0,0.279743989872,1,10,0.054729072399896876,0.6541
968,-143.3196402929396,0.9469354620883198,1,38,0.054564885182697184,0.6708
969,-99.0020480012288,0.6388479943216,1,10,0.05440119052714909,0.1545
970,-64.18788756379541,0.9814774523445817,1,15,0.05423798695556764,0.0043
971,-13.109446507547034,0.9903483685453525,1,23,0.05407527299470094,0.0599
972,-274.53938539556975,0.9883765172486693,1,145,0.053913047175716836,0.5702
973,-284.4448131643518,0.9874223948896799,1,147,0.05375130803418968,0.5386
974,-12.397677593859044,0.993245149722238,1,77,0.05359005411008711,0.2664
975,5.365332410317492,0.9944680476496108,1,168,0.053429283947756846,0.2946
976,-67.07723455532201,0.9791774338469744,1,17,0.053268996095913575,0.1151
977,-100.0,0.279743989872,1,10,0.05310918910762583,0.787
978,-133.18424740062602,0.9788883767157335,1,52,0.052949861540302956,0.5502
979,10.042858001648241,0.9931809290836493,1,50,0.052791011955682046,0.1696
980,-100.0,0.279743989872,1,10,0.052632638919815,0.8681
981,-99.73202045065828,0.9822434476001256,1,53,0.052474741003055554,0.3963
982,-493.6144032927925,0.993162236960447,1,390,0.052317316780046384,0.5384
983,-17.91738787899486,0.9935192825207964,1,157,0.05216036482970624,0.3725
984,-170.819451391888,0.8122959935967999,1,24,0.052003883735217124,0.86
985,-218.5931527347481,0.9917713544668922,1,177,0.051847872084011475,0.4767
986,-71.44902533217672,0.9882945841364515,1,63,0.05169232846775944,0.4265
987,-100.0,0.279743989872,1,10,0.05153725148235616,0.7063
988,-53.71822419407878,0.9865588032439283,1,35,0.051382639727909095,0.2398
989,-36.535896658775215,0.9892852711267605,1,46,0.051228491808725365,0.2462
990,-166.68515388734124,0.8734106608293334,1,29,0.05107480633329919,0.8476
991,-100.0,0.279743989872,1,10,0.05092158191429929,0.7072
992,-100.0,0.279743989872,1,10,0.05076881716855639,0.8392
993,-213.70975094692977,0.9792952993894263,1,80,0.05061651071705072,0.5496
994,-63.73557803642754,0.9872851740099764,1,32,0.05046466118489957,0.1088
995,-99.30488157549317,0.7584106625386667,1,12,0.05031326720134487,0.6777
996,-49.647137092091675,0.9852772389148138,1,20,0.05016232739974084,0.1168
997,-74.0005726138924,0.9734559983805517,1,13,0.050011840417541614,0.0804
998,166.36925645925982,0.9957428155397008,1,102,0.04986180489628899,0.1333
999,-96.97028189768261,0.8772506633546667,1,13,0.04986180489628899,0.5758
1000,-76.01328993165737,0.9711294795166816,1,13,0.04986180489628899,0.0485
