Step,Avg_Energy,Alive_Nodes,Dead_Nodes,EDF_Noise,Mode,PSR(%),Avg_Retries,Dominant_DR,Active_Model
0,1000.00,50,0,0,GREEDY,100.00,0.00,medium,wsn_dqn_E200_T1000_20260508_150922.pth
1,1000.00,50,0,0,GREEDY,100.00,0.00,medium,wsn_dqn_E200_T1000_20260508_150922.pth
2,1000.00,50,0,0,GREEDY,100.00,0.00,medium,wsn_dqn_E200_T1000_20260508_150922.pth
3,1000.00,50,0,0,GREEDY,100.00,0.00,medium,wsn_dqn_E200_T1000_20260508_150922.pth
4,1000.00,50,0,0,GREEDY,100.00,0.00,medium,wsn_dqn_E200_T1000_20260508_150922.pth
5,1000.00,50,0,0,GREEDY,100.00,0.00,medium,wsn_dqn_E200_T1000_20260508_150922.pth
6,1000.00,50,0,0,GREEDY,100.00,0.00,medium,wsn_dqn_E200_T1000_20260508_150922.pth
7,1000.00,50,0,0,GREEDY,100.00,0.00,medium,wsn_dqn_E200_T1000_20260508_150922.pth
8,1000.00,50,0,0,GREEDY,100.00,0.00,medium,wsn_dqn_E200_T1000_20260508_150922.pth
9,1000.00,50,0,0,GREEDY,100.00,0.00,medium,wsn_dqn_E200_T1000_20260508_150922.pth
10,1000.00,50,0,0,GREEDY,100.00,0.00,medium,wsn_dqn_E200_T1000_20260508_150922.pth
11,1000.00,50,0,0,GREEDY,100.00,0.00,medium,wsn_dqn_E200_T1000_20260508_150922.pth
12,1000.00,50,0,0,GREEDY,100.00,0.00,medium,wsn_dqn_E200_T1000_20260508_150922.pth
13,1000.00,50,0,0,GREEDY,100.00,0.00,medium,wsn_dqn_E200_T1000_20260508_150922.pth
14,1000.00,50,0,0,GREEDY,100.00,0.00,medium,wsn_dqn_E200_T1000_20260508_150922.pth
15,1000.00,50,0,0,GREEDY,100.00,0.00,medium,wsn_dqn_E200_T1000_20260508_150922.pth
16,1000.00,50,0,0,GREEDY,100.00,0.00,medium,wsn_dqn_E200_T1000_20260508_150922.pth
17,1000.00,50,0,0,GREEDY,100.00,0.00,medium,wsn_dqn_E200_T1000_20260508_150922.pth
18,1000.00,50,0,0,GREEDY,100.00,0.00,medium,wsn_dqn_E200_T1000_20260508_150922.pth
19,1000.00,50,0,0,GREEDY,100.00,0.00,medium,wsn_dqn_E200_T1000_20260508_150922.pth
20,1000.00,50,0,0,GREEDY,100.00,0.00,medium,wsn_dqn_E200_T1000_20260508_150922.pth
21,1000.00,50,0,0,GREEDY,100.00,0.00,medium,wsn_dqn_E200_T1000_20260508_150922.pth
22,1000.00,50,0,0,GREEDY,100.00,0.00,medium,wsn_dqn_E200_T1000_20260508_150922.pth
23,1000.00,50,0,0,GREEDY,100.00,0.00,medium,wsn_dqn_E200_T1000_20260508_150922.pth
24,1000.00,50,0,0,GREEDY,100.00,0.00,medium,wsn_dqn_E200_T1000_20260508_150922.pth
25,1000.00,50,0,0,GREEDY,100.00,0.00,medium,wsn_dqn_E200_T1000_20260508_150922.pth
26,1000.00,50,0,0,GREEDY,100.00,0.00,medium,wsn_dqn_E200_T1000_20260508_150922.pth
27,1000.00,50,0,0,GREEDY,100.00,0.00,medium,wsn_dqn_E200_T1000_20260508_150922.pth
28,1000.00,50,0,0,GREEDY,100.00,0.00,medium,wsn_dqn_E200_T1000_20260508_150922.pth
29,1000.00,50,0,0,GREEDY,100.00,0.00,medium,wsn_dqn_E200_T1000_20260508_150922.pth
30,1000.00,50,0,0,GREEDY,100.00,0.00,medium,wsn_dqn_E200_T1000_20260508_150922.pth
31,1000.00,50,0,0,GREEDY,100.00,0.00,medium,wsn_dqn_E200_T1000_20260508_150922.pth
32,1000.00,50,0,0,GREEDY,100.00,0.00,medium,wsn_dqn_E200_T1000_20260508_150922.pth
33,1000.00,50,0,0,GREEDY,100.00,0.00,medium,wsn_dqn_E200_T1000_20260508_150922.pth
34,1000.00,50,0,0,GREEDY,100.00,0.00,medium,wsn_dqn_E200_T1000_20260508_150922.pth
35,1000.00,50,0,0,GREEDY,100.00,0.00,medium,wsn_dqn_E200_T1000_20260508_150922.pth
36,1000.00,50,0,0,GREEDY,100.00,0.00,medium,wsn_dqn_E200_T1000_20260508_150922.pth
37,1000.00,50,0,0,GREEDY,100.00,0.00,medium,wsn_dqn_E200_T1000_20260508_150922.pth
38,1000.00,50,0,0,GREEDY,100.00,0.00,medium,wsn_dqn_E200_T1000_20260508_150922.pth
39,1000.00,50,0,0,GREEDY,100.00,0.00,medium,wsn_dqn_E200_T1000_20260508_150922.pth
40,1000.00,50,0,0,GREEDY,100.00,0.00,medium,wsn_dqn_E200_T1000_20260508_150922.pth
41,1000.00,50,0,0,GREEDY,100.00,0.00,medium,wsn_dqn_E200_T1000_20260508_150922.pth
42,1000.00,50,0,0,GREEDY,100.00,0.00,medium,wsn_dqn_E200_T1000_20260508_150922.pth
43,1000.00,50,0,0,GREEDY,100.00,0.00,medium,wsn_dqn_E200_T1000_20260508_150922.pth
44,1000.00,50,0,0,GREEDY,100.00,0.00,medium,wsn_dqn_E200_T1000_20260508_150922.pth
45,1000.00,50,0,0,GREEDY,100.00,0.00,medium,wsn_dqn_E200_T1000_20260508_150922.pth
46,1000.00,50,0,0,GREEDY,100.00,0.00,medium,wsn_dqn_E200_T1000_20260508_150922.pth
47,1000.00,50,0,0,GREEDY,100.00,0.00,medium,wsn_dqn_E200_T1000_20260508_150922.pth
48,1000.00,50,0,0,GREEDY,100.00,0.00,medium,wsn_dqn_E200_T1000_20260508_150922.pth
49,1000.00,50,0,0,GREEDY,100.00,0.00,medium,wsn_dqn_E200_T1000_20260508_150922.pth
50,1000.00,50,0,0,GREEDY,100.00,0.00,medium,wsn_dqn_E200_T1000_20260508_150922.pth
51,1000.00,50,0,0,GREEDY,100.00,0.00,medium,wsn_dqn_E200_T1000_20260508_150922.pth
52,1000.00,50,0,0,GREEDY,100.00,0.00,medium,wsn_dqn_E200_T1000_20260508_150922.pth
53,1000.00,50,0,0,GREEDY,100.00,0.00,medium,wsn_dqn_E200_T1000_20260508_150922.pth
54,1000.00,50,0,0,GREEDY,100.00,0.00,medium,wsn_dqn_E200_T1000_20260508_150922.pth
55,1000.00,50,0,0,GREEDY,100.00,0.00,medium,wsn_dqn_E200_T1000_20260508_150922.pth
56,1000.00,50,0,0,GREEDY,100.00,0.00,medium,wsn_dqn_E200_T1000_20260508_150922.pth
57,1000.00,50,0,0,GREEDY,100.00,0.00,medium,wsn_dqn_E200_T1000_20260508_150922.pth
58,1000.00,50,0,0,GREEDY,100.00,0.00,medium,wsn_dqn_E200_T1000_20260508_150922.pth
59,1000.00,50,0,0,GREEDY,100.00,0.00,medium,wsn_dqn_E200_T1000_20260508_150922.pth
60,1000.00,50,0,0,GREEDY,100.00,0.00,medium,wsn_dqn_E200_T1000_20260508_150922.pth
61,1000.00,50,0,0,GREEDY,100.00,0.00,medium,wsn_dqn_E200_T1000_20260508_150922.pth
62,1000.00,50,0,0,GREEDY,100.00,0.00,medium,wsn_dqn_E200_T1000_20260508_150922.pth
63,1000.00,50,0,0,GREEDY,100.00,0.00,medium,wsn_dqn_E200_T1000_20260508_150922.pth
64,1000.00,50,0,0,GREEDY,100.00,0.00,medium,wsn_dqn_E200_T1000_20260508_150922.pth
65,1000.00,50,0,0,GREEDY,100.00,0.00,medium,wsn_dqn_E200_T1000_20260508_150922.pth
66,1000.00,50,0,0,GREEDY,100.00,0.00,medium,wsn_dqn_E200_T1000_20260508_150922.pth
67,1000.00,50,0,0,GREEDY,100.00,0.00,medium,wsn_dqn_E200_T1000_20260508_150922.pth
68,1000.00,50,0,0,GREEDY,100.00,0.00,medium,wsn_dqn_E200_T1000_20260508_150922.pth
69,1000.00,50,0,0,GREEDY,100.00,0.00,medium,wsn_dqn_E200_T1000_20260508_150922.pth
70,1000.00,50,0,0,GREEDY,100.00,0.00,medium,wsn_dqn_E200_T1000_20260508_150922.pth
71,1000.00,50,0,0,GREEDY,100.00,0.00,medium,wsn_dqn_E200_T1000_20260508_150922.pth
72,1000.00,50,0,0,GREEDY,100.00,0.00,medium,wsn_dqn_E200_T1000_20260508_150922.pth
73,1000.00,50,0,0,GREEDY,100.00,0.00,medium,wsn_dqn_E200_T1000_20260508_150922.pth
74,1000.00,50,0,0,GREEDY,100.00,0.00,medium,wsn_dqn_E200_T1000_20260508_150922.pth
75,1000.00,50,0,0,GREEDY,100.00,0.00,medium,wsn_dqn_E200_T1000_20260508_150922.pth
76,1000.00,50,0,0,GREEDY,100.00,0.00,medium,wsn_dqn_E200_T1000_20260508_150922.pth
77,1000.00,50,0,0,GREEDY,100.00,0.00,medium,wsn_dqn_E200_T1000_20260508_150922.pth
78,1000.00,50,0,0,GREEDY,100.00,0.00,medium,wsn_dqn_E200_T1000_20260508_150922.pth
79,1000.00,50,0,0,GREEDY,100.00,0.00,medium,wsn_dqn_E200_T1000_20260508_150922.pth
80,1000.00,50,0,0,GREEDY,100.00,0.00,medium,wsn_dqn_E200_T1000_20260508_150922.pth
81,1000.00,50,0,0,GREEDY,100.00,0.00,medium,wsn_dqn_E200_T1000_20260508_150922.pth
82,1000.00,50,0,0,GREEDY,100.00,0.00,medium,wsn_dqn_E200_T1000_20260508_150922.pth
83,1000.00,50,0,0,GREEDY,100.00,0.00,medium,wsn_dqn_E200_T1000_20260508_150922.pth
84,1000.00,50,0,0,GREEDY,100.00,0.00,medium,wsn_dqn_E200_T1000_20260508_150922.pth
85,1000.00,50,0,0,GREEDY,100.00,0.00,medium,wsn_dqn_E200_T1000_20260508_150922.pth
86,1000.00,50,0,0,GREEDY,100.00,0.00,medium,wsn_dqn_E200_T1000_20260508_150922.pth
87,1000.00,50,0,0,GREEDY,100.00,0.00,medium,wsn_dqn_E200_T1000_20260508_150922.pth
88,1000.00,50,0,0,GREEDY,100.00,0.00,medium,wsn_dqn_E200_T1000_20260508_150922.pth
89,1000.00,50,0,0,GREEDY,100.00,0.00,medium,wsn_dqn_E200_T1000_20260508_150922.pth
90,1000.00,50,0,0,GREEDY,100.00,0.00,medium,wsn_dqn_E200_T1000_20260508_150922.pth
91,1000.00,50,0,0,GREEDY,100.00,0.00,medium,wsn_dqn_E200_T1000_20260508_150922.pth
92,1000.00,50,0,0,GREEDY,100.00,0.00,medium,wsn_dqn_E200_T1000_20260508_150922.pth
93,1000.00,50,0,0,GREEDY,100.00,0.00,medium,wsn_dqn_E200_T1000_20260508_150922.pth
94,1000.00,50,0,0,GREEDY,100.00,0.00,medium,wsn_dqn_E200_T1000_20260508_150922.pth
95,1000.00,50,0,0,GREEDY,100.00,0.00,medium,wsn_dqn_E200_T1000_20260508_150922.pth
96,1000.00,50,0,0,GREEDY,100.00,0.00,medium,wsn_dqn_E200_T1000_20260508_150922.pth
97,1000.00,50,0,0,GREEDY,100.00,0.00,medium,wsn_dqn_E200_T1000_20260508_150922.pth
98,1000.00,50,0,0,GREEDY,100.00,0.00,medium,wsn_dqn_E200_T1000_20260508_150922.pth
99,1000.00,50,0,0,GREEDY,100.00,0.00,medium,wsn_dqn_E200_T1000_20260508_150922.pth
100,1000.00,50,0,0,GREEDY,100.00,0.00,medium,wsn_dqn_E200_T1000_20260508_150922.pth
101,1000.00,50,0,0,GREEDY,100.00,0.00,medium,wsn_dqn_E200_T1000_20260508_150922.pth
102,1000.00,50,0,0,GREEDY,100.00,0.00,medium,wsn_dqn_E200_T1000_20260508_150922.pth
103,1000.00,50,0,0,GREEDY,100.00,0.00,medium,wsn_dqn_E200_T1000_20260508_150922.pth
104,996.00,50,0,0,GREEDY,100.00,0.00,medium,wsn_dqn_E200_T1000_20260508_150922.pth
105,996.00,50,0,0,GREEDY,100.00,0.00,medium,wsn_dqn_E200_T1000_20260508_150922.pth
106,992.00,50,0,0,GREEDY,100.00,0.00,medium,wsn_dqn_E200_T1000_20260508_150922.pth
107,992.00,50,0,0,GREEDY,100.00,0.00,medium,wsn_dqn_E200_T1000_20260508_150922.pth
108,988.00,50,0,0,GREEDY,100.00,0.00,medium,wsn_dqn_E200_T1000_20260508_150922.pth
109,988.00,50,0,0,GREEDY,100.00,0.00,medium,wsn_dqn_E200_T1000_20260508_150922.pth
110,984.00,50,0,0,GREEDY,100.00,0.00,medium,wsn_dqn_E200_T1000_20260508_150922.pth
111,984.00,50,0,0,GREEDY,100.00,0.00,medium,wsn_dqn_E200_T1000_20260508_150922.pth
112,980.00,49,1,0,GREEDY,100.00,0.00,medium,wsn_dqn_E200_T1000_20260508_150922.pth
113,980.00,49,1,0,GREEDY,100.00,0.00,medium,wsn_dqn_E200_T1000_20260508_150922.pth
114,980.00,49,1,0,GREEDY,100.00,0.00,medium,wsn_dqn_E200_T1000_20260508_150922.pth
115,980.00,49,1,0,GREEDY,100.00,0.00,medium,wsn_dqn_E200_T1000_20260508_150922.pth
116,980.00,49,1,0,GREEDY,100.00,0.00,medium,wsn_dqn_E200_T1000_20260508_150922.pth
117,980.00,49,1,0,GREEDY,100.00,0.00,medium,wsn_dqn_E200_T1000_20260508_150922.pth
118,980.00,49,1,0,GREEDY,100.00,0.00,medium,wsn_dqn_E200_T1000_20260508_150922.pth
119,980.00,49,1,0,GREEDY,100.00,0.00,medium,wsn_dqn_E200_T1000_20260508_150922.pth
120,980.00,49,1,0,GREEDY,100.00,0.00,medium,wsn_dqn_E200_T1000_20260508_150922.pth
121,980.00,49,1,0,GREEDY,100.00,0.00,medium,wsn_dqn_E200_T1000_20260508_150922.pth
122,980.00,49,1,0,GREEDY,100.00,0.00,medium,wsn_dqn_E200_T1000_20260508_150922.pth
123,980.00,49,1,0,GREEDY,100.00,0.00,medium,wsn_dqn_E200_T1000_20260508_150922.pth
124,980.00,49,1,0,GREEDY,100.00,0.00,medium,wsn_dqn_E200_T1000_20260508_150922.pth
125,980.00,49,1,0,GREEDY,100.00,0.00,medium,wsn_dqn_E200_T1000_20260508_150922.pth
126,980.00,49,1,0,GREEDY,100.00,0.00,medium,wsn_dqn_E200_T1000_20260508_150922.pth
127,980.00,49,1,0,GREEDY,100.00,0.00,medium,wsn_dqn_E200_T1000_20260508_150922.pth
128,980.00,49,1,0,GREEDY,100.00,0.00,medium,wsn_dqn_E200_T1000_20260508_150922.pth
129,980.00,49,1,0,GREEDY,100.00,0.00,medium,wsn_dqn_E200_T1000_20260508_150922.pth
130,980.00,49,1,0,GREEDY,100.00,0.00,medium,wsn_dqn_E200_T1000_20260508_150922.pth
131,980.00,49,1,0,GREEDY,100.00,0.00,medium,wsn_dqn_E200_T1000_20260508_150922.pth
132,980.00,49,1,0,GREEDY,100.00,0.00,medium,wsn_dqn_E200_T1000_20260508_150922.pth
133,980.00,49,1,0,GREEDY,100.00,0.00,medium,wsn_dqn_E200_T1000_20260508_150922.pth
134,980.00,49,1,0,GREEDY,100.00,0.00,medium,wsn_dqn_E200_T1000_20260508_150922.pth
135,980.00,49,1,0,GREEDY,100.00,0.00,medium,wsn_dqn_E200_T1000_20260508_150922.pth
136,980.00,49,1,0,GREEDY,100.00,0.00,medium,wsn_dqn_E200_T1000_20260508_150922.pth
137,980.00,49,1,0,GREEDY,100.00,0.00,medium,wsn_dqn_E200_T1000_20260508_150922.pth
138,980.00,49,1,0,GREEDY,100.00,0.00,medium,wsn_dqn_E200_T1000_20260508_150922.pth
139,980.00,49,1,0,GREEDY,100.00,0.00,medium,wsn_dqn_E200_T1000_20260508_150922.pth
140,980.00,49,1,0,GREEDY,100.00,0.00,medium,wsn_dqn_E200_T1000_20260508_150922.pth
141,980.00,49,1,0,GREEDY,100.00,0.00,medium,wsn_dqn_E200_T1000_20260508_150922.pth
142,980.00,49,1,0,GREEDY,100.00,0.00,medium,wsn_dqn_E200_T1000_20260508_150922.pth
143,980.00,49,1,0,GREEDY,100.00,0.00,medium,wsn_dqn_E200_T1000_20260508_150922.pth
144,980.00,49,1,0,GREEDY,100.00,0.00,medium,wsn_dqn_E200_T1000_20260508_150922.pth
145,980.00,49,1,0,GREEDY,100.00,0.00,medium,wsn_dqn_E200_T1000_20260508_150922.pth
146,980.00,49,1,0,GREEDY,100.00,0.00,medium,wsn_dqn_E200_T1000_20260508_150922.pth
147,980.00,49,1,0,GREEDY,100.00,0.00,medium,wsn_dqn_E200_T1000_20260508_150922.pth
148,980.00,49,1,0,GREEDY,100.00,0.00,medium,wsn_dqn_E200_T1000_20260508_150922.pth
149,980.00,49,1,0,GREEDY,100.00,0.00,medium,wsn_dqn_E200_T1000_20260508_150922.pth
150,980.00,49,1,0,GREEDY,100.00,0.00,medium,wsn_dqn_E200_T1000_20260508_150922.pth
151,980.00,49,1,0,GREEDY,100.00,0.00,medium,wsn_dqn_E200_T1000_20260508_150922.pth
152,980.00,49,1,0,GREEDY,100.00,0.00,medium,wsn_dqn_E200_T1000_20260508_150922.pth
153,980.00,49,1,0,GREEDY,100.00,0.00,medium,wsn_dqn_E200_T1000_20260508_150922.pth
154,980.00,49,1,0,GREEDY,100.00,0.00,medium,wsn_dqn_E200_T1000_20260508_150922.pth
155,980.00,49,1,0,GREEDY,100.00,0.00,medium,wsn_dqn_E200_T1000_20260508_150922.pth
156,980.00,49,1,0,GREEDY,100.00,0.00,medium,wsn_dqn_E200_T1000_20260508_150922.pth
157,980.00,49,1,0,GREEDY,100.00,0.00,medium,wsn_dqn_E200_T1000_20260508_150922.pth
158,980.00,49,1,0,GREEDY,100.00,0.00,medium,wsn_dqn_E200_T1000_20260508_150922.pth
159,980.00,49,1,0,GREEDY,100.00,0.00,medium,wsn_dqn_E200_T1000_20260508_150922.pth
160,980.00,49,1,0,GREEDY,100.00,0.00,medium,wsn_dqn_E200_T1000_20260508_150922.pth
161,980.00,49,1,0,GREEDY,100.00,0.00,medium,wsn_dqn_E200_T1000_20260508_150922.pth
162,980.00,49,1,0,GREEDY,100.00,0.00,medium,wsn_dqn_E200_T1000_20260508_150922.pth
163,980.00,49,1,0,GREEDY,100.00,0.00,medium,wsn_dqn_E200_T1000_20260508_150922.pth
164,980.00,49,1,0,GREEDY,100.00,0.00,medium,wsn_dqn_E200_T1000_20260508_150922.pth
165,980.00,49,1,0,GREEDY,100.00,0.00,medium,wsn_dqn_E200_T1000_20260508_150922.pth
166,980.00,49,1,0,GREEDY,100.00,0.00,medium,wsn_dqn_E200_T1000_20260508_150922.pth
167,980.00,49,1,0,GREEDY,100.00,0.00,medium,wsn_dqn_E200_T1000_20260508_150922.pth
168,980.00,49,1,0,GREEDY,100.00,0.00,medium,wsn_dqn_E200_T1000_20260508_150922.pth
169,980.00,49,1,0,GREEDY,100.00,0.00,medium,wsn_dqn_E200_T1000_20260508_150922.pth
170,980.00,49,1,0,GREEDY,100.00,0.00,medium,wsn_dqn_E200_T1000_20260508_150922.pth
171,980.00,49,1,0,GREEDY,100.00,0.00,medium,wsn_dqn_E200_T1000_20260508_150922.pth
172,980.00,49,1,0,GREEDY,100.00,0.00,medium,wsn_dqn_E200_T1000_20260508_150922.pth
173,980.00,49,1,0,GREEDY,100.00,0.00,medium,wsn_dqn_E200_T1000_20260508_150922.pth
174,980.00,49,1,0,GREEDY,100.00,0.00,medium,wsn_dqn_E200_T1000_20260508_150922.pth
175,980.00,49,1,0,GREEDY,100.00,0.00,medium,wsn_dqn_E200_T1000_20260508_150922.pth
176,980.00,49,1,0,GREEDY,100.00,0.00,medium,wsn_dqn_E200_T1000_20260508_150922.pth
177,980.00,49,1,0,GREEDY,100.00,0.00,medium,wsn_dqn_E200_T1000_20260508_150922.pth
178,980.00,49,1,0,GREEDY,100.00,0.00,medium,wsn_dqn_E200_T1000_20260508_150922.pth
179,980.00,49,1,0,GREEDY,100.00,0.00,medium,wsn_dqn_E200_T1000_20260508_150922.pth
180,980.00,49,1,0,GREEDY,100.00,0.00,medium,wsn_dqn_E200_T1000_20260508_150922.pth
181,980.00,49,1,0,GREEDY,100.00,0.00,medium,wsn_dqn_E200_T1000_20260508_150922.pth
182,980.00,49,1,0,GREEDY,100.00,0.00,medium,wsn_dqn_E200_T1000_20260508_150922.pth
183,980.00,49,1,0,GREEDY,100.00,0.00,medium,wsn_dqn_E200_T1000_20260508_150922.pth
184,980.00,49,1,0,GREEDY,100.00,0.00,medium,wsn_dqn_E200_T1000_20260508_150922.pth
185,980.00,49,1,0,GREEDY,100.00,0.00,medium,wsn_dqn_E200_T1000_20260508_150922.pth
186,980.00,49,1,0,GREEDY,100.00,0.00,medium,wsn_dqn_E200_T1000_20260508_150922.pth
187,980.00,49,1,0,GREEDY,100.00,0.00,medium,wsn_dqn_E200_T1000_20260508_150922.pth
188,980.00,49,1,0,GREEDY,100.00,0.00,medium,wsn_dqn_E200_T1000_20260508_150922.pth
189,980.00,49,1,0,GREEDY,100.00,0.00,medium,wsn_dqn_E200_T1000_20260508_150922.pth
190,980.00,49,1,0,GREEDY,100.00,0.00,medium,wsn_dqn_E200_T1000_20260508_150922.pth
191,980.00,49,1,0,GREEDY,100.00,0.00,medium,wsn_dqn_E200_T1000_20260508_150922.pth
192,980.00,49,1,0,GREEDY,100.00,0.00,medium,wsn_dqn_E200_T1000_20260508_150922.pth
193,980.00,49,1,0,GREEDY,100.00,0.00,medium,wsn_dqn_E200_T1000_20260508_150922.pth
194,980.00,49,1,0,GREEDY,100.00,0.00,medium,wsn_dqn_E200_T1000_20260508_150922.pth
195,980.00,49,1,0,GREEDY,100.00,0.00,medium,wsn_dqn_E200_T1000_20260508_150922.pth
196,980.00,49,1,0,GREEDY,100.00,0.00,medium,wsn_dqn_E200_T1000_20260508_150922.pth
197,980.00,49,1,0,GREEDY,100.00,0.00,medium,wsn_dqn_E200_T1000_20260508_150922.pth
198,980.00,49,1,0,GREEDY,100.00,0.00,medium,wsn_dqn_E200_T1000_20260508_150922.pth
199,980.00,49,1,0,GREEDY,100.00,0.00,medium,wsn_dqn_E200_T1000_20260508_150922.pth
200,980.00,49,1,0,GREEDY,100.00,0.00,medium,wsn_dqn_E200_T1000_20260508_150922.pth
201,980.00,49,1,0,GREEDY,100.00,0.00,medium,wsn_dqn_E200_T1000_20260508_150922.pth
202,980.00,49,1,0,GREEDY,100.00,0.00,medium,wsn_dqn_E200_T1000_20260508_150922.pth
203,980.00,49,1,0,GREEDY,100.00,0.00,medium,wsn_dqn_E200_T1000_20260508_150922.pth
204,980.00,49,1,0,GREEDY,100.00,0.00,medium,wsn_dqn_E200_T1000_20260508_150922.pth
205,980.00,49,1,0,GREEDY,100.00,0.00,medium,wsn_dqn_E200_T1000_20260508_150922.pth
206,980.00,49,1,0,GREEDY,100.00,0.00,medium,wsn_dqn_E200_T1000_20260508_150922.pth
207,980.00,49,1,0,GREEDY,100.00,0.00,medium,wsn_dqn_E200_T1000_20260508_150922.pth
208,980.00,49,1,0,GREEDY,100.00,0.00,medium,wsn_dqn_E200_T1000_20260508_150922.pth
209,980.00,49,1,0,GREEDY,100.00,0.00,medium,wsn_dqn_E200_T1000_20260508_150922.pth
210,980.00,49,1,0,GREEDY,100.00,0.00,medium,wsn_dqn_E200_T1000_20260508_150922.pth
211,980.00,49,1,0,GREEDY,100.00,0.00,medium,wsn_dqn_E200_T1000_20260508_150922.pth
212,980.00,49,1,0,GREEDY,100.00,0.00,medium,wsn_dqn_E200_T1000_20260508_150922.pth
213,980.00,49,1,0,GREEDY,100.00,0.00,medium,wsn_dqn_E200_T1000_20260508_150922.pth
214,980.00,49,1,0,GREEDY,100.00,0.00,medium,wsn_dqn_E200_T1000_20260508_150922.pth
215,980.00,49,1,0,GREEDY,100.00,0.00,medium,wsn_dqn_E200_T1000_20260508_150922.pth
216,980.00,49,1,0,GREEDY,100.00,0.00,medium,wsn_dqn_E200_T1000_20260508_150922.pth
217,980.00,49,1,0,GREEDY,100.00,0.00,medium,wsn_dqn_E200_T1000_20260508_150922.pth
218,980.00,49,1,0,GREEDY,100.00,0.00,medium,wsn_dqn_E200_T1000_20260508_150922.pth
219,980.00,49,1,0,GREEDY,100.00,0.00,medium,wsn_dqn_E200_T1000_20260508_150922.pth
220,980.00,49,1,0,GREEDY,100.00,0.00,medium,wsn_dqn_E200_T1000_20260508_150922.pth
221,980.00,49,1,0,GREEDY,100.00,0.00,medium,wsn_dqn_E200_T1000_20260508_150922.pth
222,980.00,49,1,0,GREEDY,100.00,0.00,medium,wsn_dqn_E200_T1000_20260508_150922.pth
223,980.00,49,1,0,GREEDY,100.00,0.00,medium,wsn_dqn_E200_T1000_20260508_150922.pth
224,980.00,49,1,0,GREEDY,100.00,0.00,medium,wsn_dqn_E200_T1000_20260508_150922.pth
225,980.00,49,1,0,GREEDY,100.00,0.00,medium,wsn_dqn_E200_T1000_20260508_150922.pth
226,980.00,49,1,0,GREEDY,100.00,0.00,medium,wsn_dqn_E200_T1000_20260508_150922.pth
227,980.00,49,1,0,GREEDY,100.00,0.00,medium,wsn_dqn_E200_T1000_20260508_150922.pth
228,980.00,49,1,0,GREEDY,100.00,0.00,medium,wsn_dqn_E200_T1000_20260508_150922.pth
229,980.00,49,1,0,GREEDY,100.00,0.00,medium,wsn_dqn_E200_T1000_20260508_150922.pth
230,980.00,49,1,0,GREEDY,100.00,0.00,medium,wsn_dqn_E200_T1000_20260508_150922.pth
231,980.00,49,1,0,GREEDY,100.00,0.00,medium,wsn_dqn_E200_T1000_20260508_150922.pth
232,980.00,49,1,0,GREEDY,100.00,0.00,medium,wsn_dqn_E200_T1000_20260508_150922.pth
233,980.00,49,1,0,GREEDY,100.00,0.00,medium,wsn_dqn_E200_T1000_20260508_150922.pth
234,980.00,49,1,0,GREEDY,100.00,0.00,medium,wsn_dqn_E200_T1000_20260508_150922.pth
235,980.00,49,1,0,GREEDY,100.00,0.00,medium,wsn_dqn_E200_T1000_20260508_150922.pth
236,980.00,49,1,0,GREEDY,100.00,0.00,medium,wsn_dqn_E200_T1000_20260508_150922.pth
237,980.00,49,1,0,GREEDY,100.00,0.00,medium,wsn_dqn_E200_T1000_20260508_150922.pth
238,980.00,49,1,0,GREEDY,100.00,0.00,medium,wsn_dqn_E200_T1000_20260508_150922.pth
239,980.00,49,1,0,GREEDY,100.00,0.00,medium,wsn_dqn_E200_T1000_20260508_150922.pth
240,980.00,49,1,0,GREEDY,100.00,0.00,medium,wsn_dqn_E200_T1000_20260508_150922.pth
241,980.00,49,1,0,GREEDY,100.00,0.00,medium,wsn_dqn_E200_T1000_20260508_150922.pth
242,980.00,49,1,0,GREEDY,100.00,0.00,medium,wsn_dqn_E200_T1000_20260508_150922.pth
243,980.00,49,1,0,GREEDY,100.00,0.00,medium,wsn_dqn_E200_T1000_20260508_150922.pth
244,980.00,49,1,0,GREEDY,100.00,0.00,medium,wsn_dqn_E200_T1000_20260508_150922.pth
245,980.00,49,1,0,GREEDY,100.00,0.00,medium,wsn_dqn_E200_T1000_20260508_150922.pth
246,980.00,49,1,0,GREEDY,100.00,0.00,medium,wsn_dqn_E200_T1000_20260508_150922.pth
247,980.00,49,1,0,GREEDY,100.00,0.00,medium,wsn_dqn_E200_T1000_20260508_150922.pth
248,980.00,49,1,0,GREEDY,100.00,0.00,medium,wsn_dqn_E200_T1000_20260508_150922.pth
249,980.00,49,1,0,GREEDY,100.00,0.00,medium,wsn_dqn_E200_T1000_20260508_150922.pth
250,980.00,49,1,0,GREEDY,100.00,0.00,medium,wsn_dqn_E200_T1000_20260508_150922.pth
251,980.00,49,1,0,GREEDY,100.00,0.00,medium,wsn_dqn_E200_T1000_20260508_150922.pth
252,980.00,49,1,0,GREEDY,100.00,0.00,medium,wsn_dqn_E200_T1000_20260508_150922.pth
253,980.00,49,1,0,GREEDY,100.00,0.00,medium,wsn_dqn_E200_T1000_20260508_150922.pth
254,980.00,49,1,0,GREEDY,100.00,0.00,medium,wsn_dqn_E200_T1000_20260508_150922.pth
255,980.00,49,1,0,GREEDY,100.00,0.00,medium,wsn_dqn_E200_T1000_20260508_150922.pth
256,980.00,49,1,0,GREEDY,100.00,0.00,medium,wsn_dqn_E200_T1000_20260508_150922.pth
257,980.00,49,1,0,GREEDY,100.00,0.00,medium,wsn_dqn_E200_T1000_20260508_150922.pth
258,980.00,49,1,0,GREEDY,100.00,0.00,medium,wsn_dqn_E200_T1000_20260508_150922.pth
259,980.00,49,1,0,GREEDY,100.00,0.00,medium,wsn_dqn_E200_T1000_20260508_150922.pth
260,980.00,49,1,0,GREEDY,100.00,0.00,medium,wsn_dqn_E200_T1000_20260508_150922.pth
261,980.00,49,1,0,GREEDY,100.00,0.00,medium,wsn_dqn_E200_T1000_20260508_150922.pth
262,980.00,49,1,0,GREEDY,100.00,0.00,medium,wsn_dqn_E200_T1000_20260508_150922.pth
263,980.00,49,1,0,GREEDY,100.00,0.00,medium,wsn_dqn_E200_T1000_20260508_150922.pth
264,980.00,49,1,0,GREEDY,100.00,0.00,medium,wsn_dqn_E200_T1000_20260508_150922.pth
265,980.00,49,1,0,GREEDY,100.00,0.00,medium,wsn_dqn_E200_T1000_20260508_150922.pth
266,980.00,49,1,0,GREEDY,100.00,0.00,medium,wsn_dqn_E200_T1000_20260508_150922.pth
267,980.00,49,1,0,GREEDY,100.00,0.00,medium,wsn_dqn_E200_T1000_20260508_150922.pth
268,980.00,49,1,0,GREEDY,100.00,0.00,medium,wsn_dqn_E200_T1000_20260508_150922.pth
269,980.00,49,1,0,GREEDY,100.00,0.00,medium,wsn_dqn_E200_T1000_20260508_150922.pth
270,980.00,49,1,0,GREEDY,100.00,0.00,medium,wsn_dqn_E200_T1000_20260508_150922.pth
271,980.00,49,1,0,GREEDY,100.00,0.00,medium,wsn_dqn_E200_T1000_20260508_150922.pth
272,980.00,49,1,0,GREEDY,100.00,0.00,medium,wsn_dqn_E200_T1000_20260508_150922.pth
273,980.00,49,1,0,GREEDY,100.00,0.00,medium,wsn_dqn_E200_T1000_20260508_150922.pth
274,980.00,49,1,0,GREEDY,100.00,0.00,medium,wsn_dqn_E200_T1000_20260508_150922.pth
275,980.00,49,1,0,GREEDY,100.00,0.00,medium,wsn_dqn_E200_T1000_20260508_150922.pth
276,980.00,49,1,0,GREEDY,100.00,0.00,medium,wsn_dqn_E200_T1000_20260508_150922.pth
277,980.00,49,1,0,GREEDY,100.00,0.00,medium,wsn_dqn_E200_T1000_20260508_150922.pth
278,980.00,49,1,0,GREEDY,100.00,0.00,medium,wsn_dqn_E200_T1000_20260508_150922.pth
279,980.00,49,1,0,GREEDY,100.00,0.00,medium,wsn_dqn_E200_T1000_20260508_150922.pth
280,980.00,49,1,0,GREEDY,100.00,0.00,medium,wsn_dqn_E200_T1000_20260508_150922.pth
281,980.00,49,1,0,GREEDY,100.00,0.00,medium,wsn_dqn_E200_T1000_20260508_150922.pth
282,980.00,49,1,0,GREEDY,100.00,0.00,medium,wsn_dqn_E200_T1000_20260508_150922.pth
283,980.00,49,1,0,GREEDY,100.00,0.00,medium,wsn_dqn_E200_T1000_20260508_150922.pth
284,980.00,49,1,0,GREEDY,100.00,0.00,medium,wsn_dqn_E200_T1000_20260508_150922.pth
285,980.00,49,1,0,GREEDY,100.00,0.00,medium,wsn_dqn_E200_T1000_20260508_150922.pth
286,980.00,49,1,0,GREEDY,100.00,0.00,medium,wsn_dqn_E200_T1000_20260508_150922.pth
287,980.00,49,1,0,GREEDY,100.00,0.00,medium,wsn_dqn_E200_T1000_20260508_150922.pth
288,980.00,49,1,0,GREEDY,100.00,0.00,medium,wsn_dqn_E200_T1000_20260508_150922.pth
289,980.00,49,1,0,GREEDY,100.00,0.00,medium,wsn_dqn_E200_T1000_20260508_150922.pth
290,980.00,49,1,0,GREEDY,100.00,0.00,medium,wsn_dqn_E200_T1000_20260508_150922.pth
291,980.00,49,1,0,GREEDY,100.00,0.00,medium,wsn_dqn_E200_T1000_20260508_150922.pth
292,980.00,49,1,0,GREEDY,100.00,0.00,medium,wsn_dqn_E200_T1000_20260508_150922.pth
293,980.00,49,1,0,GREEDY,100.00,0.00,medium,wsn_dqn_E200_T1000_20260508_150922.pth
294,980.00,49,1,0,GREEDY,100.00,0.00,medium,wsn_dqn_E200_T1000_20260508_150922.pth
295,980.00,49,1,0,GREEDY,100.00,0.00,medium,wsn_dqn_E200_T1000_20260508_150922.pth
296,980.00,49,1,0,GREEDY,100.00,0.00,medium,wsn_dqn_E200_T1000_20260508_150922.pth
297,980.00,49,1,0,GREEDY,100.00,0.00,medium,wsn_dqn_E200_T1000_20260508_150922.pth
298,980.00,49,1,0,GREEDY,100.00,0.00,medium,wsn_dqn_E200_T1000_20260508_150922.pth
299,980.00,49,1,0,GREEDY,100.00,0.00,medium,wsn_dqn_E200_T1000_20260508_150922.pth
300,980.00,49,1,0,GREEDY,100.00,0.00,medium,wsn_dqn_E200_T1000_20260508_150922.pth
301,980.00,49,1,0,GREEDY,100.00,0.00,medium,wsn_dqn_E200_T1000_20260508_150922.pth
302,980.00,49,1,0,GREEDY,100.00,0.00,medium,wsn_dqn_E200_T1000_20260508_150922.pth
303,980.00,49,1,0,GREEDY,100.00,0.00,medium,wsn_dqn_E200_T1000_20260508_150922.pth
