episode,reward_mean,reward_sma,avg_qos,drops,retries,edf
0,-95.80297232694495,-95.80297232694495,0.95302999788455,1,20,0.07378646087422476
1,-92.73745873683875,-94.27021553189185,0.9268319973366399,1,12,0.060057271982651726
2,-96.65551278953859,-95.0653146177741,0.8548831973903999,1,11,0.2697875975261595
3,-99.0020480012288,-96.04949796363778,0.6388479943216,1,10,0.09311322295362215
4,-98.0007680004096,-96.43975197099215,0.7596586631541333,1,10,0.10579366778624626
5,-100.28539958465329,-97.08069323993567,0.9461119978046859,1,18,0.15984491822888505
6,-99.0020480012288,-97.35517249154897,0.6388479943216,1,10,0.2313970936055268
7,-99.000256000128,-97.56080793012134,0.6397439948720001,1,10,0.24349890015894765
8,-105.10439256678394,-98.39898400086163,0.7563253280207999,1,15,0.19139896036787724
9,-128.29327856271104,-101.38841345704658,0.9548912919356705,1,26,0.18119268221494828
10,-97.0012800006912,-101.50824422442119,0.8196159972952,1,10,0.13730445143510941
11,-97.65795529991874,-102.0002938807292,0.8182839964832,1,11,0.12079862296400558
12,-90.66921930662593,-101.40166453243793,0.9328974526568726,1,11,0.18742415005253296
13,-99.52082972740932,-101.45354270505598,0.8537247966502399,1,13,0.2663984358937338
14,-92.62240432186708,-100.91570633720173,0.9327941798927999,1,14,0.1849544217329256
15,-100.0,-100.8871663787364,0.279743989872,1,10,0.03855510514545263
16,-102.57037676277663,-101.24399925489118,0.9172604418428444,1,19,0.24687282200947444
17,-94.6600308650596,-100.80997674138436,0.8957234263201144,1,11,0.2210631442239609
18,-98.0040960024576,-100.09994708495171,0.7585493291381334,1,10,0.2842754916414507
19,-95.30692957661957,-96.80131218634257,0.8961691408868571,1,12,0.21749998075623364
20,-91.96235244004237,-96.29741943027769,0.9334647256813817,1,13,0.009871509090113017
21,-101.76735037859322,-96.70835893814514,0.8940754250235429,1,16,0.2621000487037002
22,-95.0087040051968,-97.14230740800221,0.8785066641125333,1,10,0.03823468916401387
23,-141.70010840426204,-101.36023527568749,0.9517609976492001,1,29,0.1582733369163465
24,-99.0005120002816,-101.99804604352894,0.6396159947952,1,10,0.27147310492784715
25,-98.000512000256,-101.79809724355455,0.7597439965386666,1,10,0.12817569389508984
26,-100.0,-101.54105956727687,0.279743989872,1,10,0.02894766038298908
27,-99.0005120002816,-101.97510768079908,0.6396159947952,1,10,0.19336156257317885
28,-100.0,-102.17469808055333,0.279743989872,1,10,0.2396216243764812
29,-97.0012800006912,-102.34413312296047,0.8196159972952,1,10,0.045358198174451005
30,-89.18623715713126,-102.06652159466937,0.95307599816415,1,14,0.1716583709078448
31,-100.0,-101.88978655681004,0.279743989872,1,10,0.24694496331842922
32,-98.0025600015104,-102.1891721564414,0.7590613294538665,1,10,0.11120987057063299
33,-98.0010240005632,-97.81926371607153,0.7595733297696,1,10,0.012581625236240368
34,-100.0,-97.91921251604337,0.279743989872,1,10,0.1458998529112055
35,-98.0025600015104,-97.9194173161688,0.7590613294538665,1,10,0.09872645198249198
36,-85.62952374779586,-96.48236969094839,0.9584604428621333,1,14,0.23625710873403197
37,-96.30991165129579,-96.2133096560498,0.8783946641038667,1,12,0.21760248380807892
38,-97.6554228623204,-95.97885194228185,0.8186679967449999,1,11,0.12260368185134025
39,-98.31130259709828,-96.10985420192256,0.8177839961832001,1,12,0.19196323075807534
40,-91.03123552991732,-96.29435403920118,0.9653112710758546,1,23,0.21841526374657852
41,-97.77663628391402,-96.07201766759258,0.9071239971339999,1,16,0.23543900881183794
42,-99.16719739473002,-96.18848140691452,0.8777279971038667,1,14,0.29433979784624853
43,-90.13093160028035,-95.40147216688625,0.9502581315562133,1,15,0.16430687862667182
44,-92.0117760069888,-94.60264976758512,0.9186631092092443,1,10,0.1465397979176654
45,-94.65960879322499,-94.26835464675659,0.8957599974338285,1,11,0.07723207298920948
46,-99.0005120002816,-95.60545347200517,0.6396159947952,1,10,0.18280492955571587
47,-99.11188304272025,-95.88565061114761,0.9177795532263998,1,15,0.12173126258069683
48,-99.0005120002816,-96.02015952494374,0.6396159947952,1,10,0.12963634877347985
49,-85.83695626856883,-94.77272489209078,0.96234799841064,1,15,0.11910912573378638
50,-100.0,-95.66960133909905,0.279743989872,1,10,0.2987569182710029
51,-93.0128000076544,-95.19321771147308,0.9083679977772,1,10,0.0031242639260335102
52,-99.30488157549317,-95.20698612954939,0.7584106625386667,1,12,0.17501433805243818
53,-97.0061440036864,-95.89450736989001,0.8183999965463999,1,10,0.16222592248932438
54,-91.96954146115948,-95.89028391530708,0.9330225436454544,1,13,0.24334032169453498
55,-186.6648368738061,-105.09080672336518,0.8514271956316801,1,19,0.16701759887643522
56,-88.85943032106661,-104.07669855544368,0.9584115540320445,1,17,0.17977163726645565
57,-99.65286286081,-104.13079653725268,0.6386159942452,1,11,0.10526470519530254
58,-97.0043520025856,-103.93118053748307,0.8188479965144,1,10,0.15520678040916622
59,-96.6556788624484,-105.01305279687101,0.8548831973703999,1,11,0.01865847719129251
60,-96.0035840020736,-104.61341119707838,0.8552319975596798,1,10,0.09387080917127687
61,-99.0020480012288,-105.21233599643581,0.6388479943216,1,10,0.1770863002745747
62,-99.0020480012288,-105.18205263900938,0.6388479943216,1,10,0.039709500626135694
63,-92.25153726180356,-104.70659196482109,0.9469794268896,1,15,0.05535819640374851
64,-97.0061440036864,-105.2102522190738,0.8183999965463999,1,10,0.13549561544814606
65,-98.0007680004096,-96.34384533173414,0.7596586631541333,1,10,0.06609890805349862
66,-99.38392158390634,-97.3962944580181,0.8180519964318,1,13,0.054885444733702445
67,-98.0040960024576,-97.23141777218288,0.7585493291381334,1,10,0.24621930230310163
68,-91.6643828676452,-96.69742085868883,0.9265711981655199,1,11,0.027635959611090544
69,-94.04469288592776,-96.43632226103676,0.9262783979867999,1,14,0.2700513991761771
70,-99.17929702771207,-96.7538935636006,0.8769173298213334,1,14,0.2576632428548949
71,-99.0005120002816,-96.7537399635059,0.6396159947952,1,10,0.2059900329040925
72,-98.38571358498154,-96.69210652188117,0.8540831969303999,1,13,0.177906671469807
73,-84.94483242215668,-95.96143603791647,0.9619919980515199,1,16,0.15260171198007752
74,-96.65846730020034,-95.92666836756787,0.85452479713024,1,11,0.27161944736979154
75,-100.0,-96.1265915675269,0.279743989872,1,10,0.054197927514128906
76,-97.0046080027392,-95.88866020941019,0.8187839967832,1,10,0.18357046026047638
77,-78.41571016443382,-93.92982162560781,0.9696390384398079,1,13,0.033383955867746895
78,-79.63830390021434,-92.72721372886474,0.9684933317789,1,14,0.14425629129368395
79,-96.0030720017664,-92.9230516404486,0.8553343976211201,1,10,0.026278309073948892
80,-96.3085417232584,-92.63597611000324,0.8786506642450668,1,12,0.15328188571615042
81,-100.0,-92.73592490997507,0.279743989872,1,10,0.10385653268059522
82,-95.659518864778,-92.46330543795472,0.8784293307537333,1,11,0.10053139862602954
83,-99.0005120002816,-93.86887339576721,0.6396159947952,1,10,0.01899787767754849
84,-107.96286054355667,-94.99931272010284,0.8528831963704,1,16,0.13864681592624692
85,-100.0,-94.99931272010285,0.279743989872,1,10,0.2735413354165931
86,-96.73317884362547,-94.97216980419147,0.8786933309706666,1,12,0.041165156189057146
87,-186.81520232715434,-105.81211902046353,0.9485418641017066,1,28,0.2692198565713672
88,-127.24806137957312,-110.57309476839939,0.8937599967161143,1,18,0.1252147527041653
89,-96.0046080027136,-110.57324836849412,0.85502719743168,1,10,0.1893660361947703
90,-100.0,-110.94239419616827,0.279743989872,1,10,0.1753736486671634
91,-94.66102730199233,-110.4084969263675,0.8957234262253714,1,11,0.21001523587681625
92,-96.66000330114754,-110.50854537000446,0.8542175969407999,1,11,0.09389060254685566
93,-100.0,-110.6084941699763,0.279743989872,1,10,0.004476655718850864
94,-99.0005120002816,-109.7122593156488,0.6396159947952,1,10,0.22224731479310314
95,-97.6538868613732,-109.47764800178611,0.8190519969818,1,11,0.17040367353946856
96,-100.0,-109.80433011742358,0.279743989872,1,10,0.0955372064369699
97,-94.0076800045312,-100.52357788516126,0.8960091407629714,1,10,0.2967794356221687
98,-87.39809151972612,-96.53858089917657,0.9536169985686,1,13,0.03168796334351761
99,-96.008192006144,-96.5389392995196,0.8543103967456,1,10,0.036289928542234395
100,-96.96521702248593,-96.23546100176819,0.8777626637037333,1,13,0.25372352509985363
101,-97.73361872460674,-96.54272014402963,0.8544319971196799,1,12,0.18760174313600103
102,-99.0005120002816,-96.77677101394303,0.6396159947952,1,10,0.08238457030367563
103,-84.97614888824461,-95.27438590276749,0.9586284428449778,1,13,0.1506807014513248
104,-99.51433453392002,-95.32576815613135,0.85377599680096,1,13,0.16808461241668965
105,-98.0007680004096,-95.36045627003497,0.7596586631114667,1,10,0.1752454792208422
106,-100.0,-95.36045627003497,0.279743989872,1,10,0.041691768547135175
107,-95.0056320033024,-95.4602514699121,0.8790186644282666,1,10,0.2052851827220073
108,-92.31730809288932,-95.95217312722842,0.9263967979580799,1,12,0.1786032550001875
109,-100.0,-96.35135392661402,0.279743989872,1,10,0.26068698698559467
110,-99.0020480012288,-96.55503702448831,0.6388479943216,1,10,0.259506560441615
111,-100.0,-96.78167515202765,0.279743989872,1,10,0.13173890303519228
112,-99.65286286081,-96.84691023808047,0.6386159942452,1,11,0.24100990152243965
113,-97.65474478910339,-98.11476982816636,0.8187959968467999,1,11,0.20525958423861645
114,-90.6648948691556,-97.2298258616899,0.9331999981949817,1,11,0.05414165892313466
115,-99.0005120002816,-97.32980026167712,0.6396159947952,1,10,0.07698985835200868
116,-97.65590729866433,-97.09539099154354,0.8187959967967999,1,11,0.07735025559170787
117,-92.66037679240578,-96.86086547045389,0.9188391093427555,1,11,0.23683036611364108
118,-100.0,-97.62913466116495,0.279743989872,1,10,0.21860673112400464
119,-99.65286286081,-97.59442094724595,0.6386159942452,1,11,0.1466355523354801
120,-99.000256000128,-97.59424174713587,0.6397439948720001,1,10,0.10087487020263979
121,-95.73471484454707,-97.16771323159057,0.8958034264146286,1,12,0.20046777124951626
122,-96.73625800764087,-96.87605274627367,0.878693330904,1,12,0.1233368196868096
123,-90.66563530442434,-96.17714179780576,0.9332232710388364,1,11,0.0652159726130596
124,-97.65616329881793,-96.876268640772,0.8187319967583999,1,11,0.20604064529253752
125,-98.38680970497307,-96.81489841124115,0.85377599678096,1,13,0.08001935171743164
126,-95.65884079156099,-96.6151917605308,0.8785146641549333,1,11,0.15719811113180074
127,-93.0061440035584,-96.64976848164608,0.9091999982892001,1,10,0.014817995523359561
128,-92.3169897283272,-95.88146745447878,0.9263455980401598,1,12,0.2575900811892866
129,-107.98568803497838,-96.71474997189563,0.85252479593024,1,16,0.2550987031662282
130,-99.65539529840834,-96.78026390172366,0.6378479937216,1,11,0.10512598622303874
131,-98.65295278802819,-97.07208769607178,0.7589919961541334,1,11,0.2515867434738967
132,-100.0,-97.39846189530769,0.279743989872,1,10,0.25008734037443914
133,-103.45262017809584,-98.67716038267483,0.817231995988,1,14,0.10394471915851014
134,-129.60011966428874,-101.87155601922191,0.8152839948582,1,17,0.21091565971379328
135,-98.0025600015104,-101.83313104887564,0.7590613294538665,1,10,0.2494966473907085
136,-88.0102400063232,-101.06827097035188,0.9438079987345233,1,10,0.2141219245331212
137,-92.00237496048648,-100.96789406604468,0.9467851410605713,1,17,0.11514959617528067
138,-100.0,-101.73619509321196,0.279743989872,1,10,0.22361133453949597
139,-99.0020480012288,-100.83783108983701,0.6388479943216,1,10,0.15503500654920463
140,-99.65286286081,-100.83757784607717,0.6386159942452,1,11,0.1705099076047432
141,-95.74009800997047,-100.5462923682714,0.8954742832992,1,12,0.24098869495712863
142,-93.62115188739548,-99.90840755701095,0.92609919775384,1,14,0.13459341638519406
143,-91.27647103980499,-98.69079264318187,0.9428221519606771,1,15,0.15917875405657875
144,-103.10711864120415,-96.0414925408734,0.8532831964904,1,15,0.2832462172387633
145,-95.51880985027492,-95.79311752574985,0.9183662201812444,1,13,0.1457827590780453
146,-98.65590729868994,-96.85768425498652,0.7583946615775999,1,11,0.11350602053939018
147,-94.6600308650596,-97.12344984544384,0.8957234263201143,1,11,0.15057001741056258
148,-100.0,-97.12344984544384,0.279743989872,1,10,0.2498619730366113
149,-179.3243557386097,-105.15568061918194,0.9421513825217845,1,20,0.21409590509003915
150,-128.83524333623555,-108.07391866672447,0.9247295972756799,1,22,0.06715188865248967
151,-98.38696602178628,-108.33860546790606,0.8540319968796799,1,13,0.1941210253549934
152,-100.0,-108.97649027916653,0.279743989872,1,10,0.032666021532027835
153,-100.0,-109.84884317518602,0.279743989872,1,10,0.10195158131069389
154,-94.82210825666643,-109.02034213673224,0.9328916345559272,1,15,0.1528087424898212
155,-97.65500078925699,-109.23396123063044,0.8187319968083999,1,11,0.07212781269464227
156,-97.003072001792,-109.06867770094065,0.8191679970199999,1,10,0.0715364470225873
157,-90.70300386961608,-108.6729750013963,0.9467417125109714,1,15,0.018101076339032372
158,-98.88378256917366,-108.56135325831367,0.9490890640912001,1,23,0.18323599709224195
159,-97.30590557605638,-100.35950824205834,0.85484159741056,1,12,0.23204270710219252
160,-116.33272938736562,-99.10925684717134,0.8166159957952,1,16,0.21307500758295514
161,-100.0,-99.27056024499271,0.279743989872,1,10,0.2628994675924678
162,-99.0005120002816,-99.17061144502087,0.6396159947952,1,10,0.295858023002901
163,-100.0,-99.17061144502087,0.279743989872,1,10,0.014386836779118183
164,-99.0005120002816,-99.58845181938239,0.6396159947952,1,10,0.07173732219074129
165,-97.0046080027392,-99.52341254073062,0.8187839967832,1,10,0.29428936835100145
166,-99.0005120002816,-99.72315654057957,0.6396159946544,1,10,0.29395919884016786
167,-95.0087040064256,-100.15372655426053,0.8785066639077334,1,10,0.14373086818236258
168,-98.0007680006912,-100.06542509741229,0.7596586630602667,1,10,0.24128450895561593
169,-97.003072001792,-100.03514173998585,0.8191679970199999,1,10,0.02218101072166152
170,-87.32336216948394,-97.13420501819766,0.9505386650530666,1,12,0.03756574176115109
171,-100.0,-97.13420501819766,0.279743989872,1,10,0.05794410456850752
172,-93.66435530496193,-96.60058934866571,0.908341997576,1,11,0.15030573100036038
173,-100.0,-96.60058934866571,0.279743989872,1,10,0.18543307691614686
174,-100.0,-96.70053814863755,0.279743989872,1,10,0.2351795601046568
175,-98.6549108620388,-96.8655684345675,0.7583946624205332,1,11,0.2170569867668131
176,-99.65286286081,-96.93080352062034,0.6386159942452,1,11,0.15313742971430794
177,-98.30877016350435,-97.26081013632822,0.8181679958378001,1,12,0.06088707533489622
178,-96.0017920009728,-97.06091253635638,0.8555903977798399,1,10,0.29340080287988
179,-99.000256000128,-97.26063093618998,0.6397439948720001,1,10,0.06137055977807782
180,-95.29349343025224,-98.0576440622668,0.9461519976493141,1,19,0.19535903698210433
181,-97.0043520025856,-97.75807926252537,0.8188479968216,1,10,0.11568195868622716
182,-96.76651034384574,-98.06829476641376,0.9380613312240667,1,16,0.07036784996747902
183,-96.03669049108126,-97.67196381552188,0.9086479980358999,1,14,0.29964861464915893
184,-99.0020480012288,-97.57216861564476,0.6388479943216,1,10,0.2006930204876903
185,-100.0,-97.70667752944088,0.279743989872,1,10,0.19578453212290517
186,-100.81822549540111,-97.82321379289999,0.8532831965104,1,15,0.10887769014912672
187,-99.0020480012288,-97.89254157667243,0.6388479943216,1,10,0.055124613677306554
188,-99.0020480012288,-98.19256717669802,0.6388479943216,1,10,0.1367689276089043
189,-90.56041035160591,-97.34858261184583,0.96163519772364,1,22,0.2727910708772692
190,-95.39228279777448,-97.35846154859806,0.9082899972954,1,13,0.19446677770573526
191,-100.0,-97.65802634833949,0.279743989872,1,10,0.2775072305629943
192,-93.52662254403202,-97.33403756835811,0.9324174520347637,1,13,0.01999087654233328
193,-103.10548303890585,-98.04091682314058,0.8532831965704,1,15,0.10793174984616753
194,-99.0020480012288,-98.04091682314058,0.6388479943216,1,10,0.06700217857806699
195,-88.70810347342056,-96.91172717048264,0.9533349983214501,1,15,0.21447002668545526
196,-93.32000660229508,-96.16190528117204,0.9180479977262223,1,12,0.07548297329260634
197,-98.65744329963714,-96.12744481101286,0.7578826620714668,1,11,0.09814036013884177
198,-95.0038400022016,-95.72762401111014,0.8793173312784001,1,10,0.0468200413174457
199,-97.73515472803554,-96.4450984487531,0.85412479643392,1,12,0.23927979732317037
200,-99.11207257131514,-96.81707742610718,0.9179217755034667,1,15,0.1525007334050811
201,-99.65286286081,-96.78236371218817,0.6386159942452,1,11,0.10242223042628797
202,-96.00332800192,-97.03003425797696,0.8552831975903998,1,10,0.06122406987542865
203,-100.0,-96.7194859540864,0.279743989872,1,10,0.20375248835412801
204,-100.0,-96.81928115396352,0.279743989872,1,10,0.1982051817199228
205,-101.46457284852714,-98.09492809147416,0.7564799947050668,1,14,0.2870543717516126
206,-100.0,-98.76292743124466,0.279743989872,1,10,0.24843175630720574
207,-96.0046080027136,-98.49764390155231,0.85502719743168,1,10,0.2927053254093759
208,-96.0064000038144,-98.59789990171359,0.8546687972115199,1,10,0.2855717737666099
209,-97.33625497995962,-98.55800992690598,0.9378346643298667,1,18,0.2929582768704917
210,-98.73157072337794,-98.51995974211228,0.8185519967068,1,12,0.2744467313945869
211,-100.0,-98.55467345603128,0.279743989872,1,10,0.006209277281378001
212,-99.000256000128,-98.85436625585206,0.6397439948720001,1,10,0.0695100136908355
213,-92.6605428653156,-98.12042054238364,0.918839109195111,1,11,0.022365871227947587
214,-98.38571358498154,-97.95899190088178,0.8540831969303999,1,13,0.030996961110383
215,-98.6549108620388,-97.67802570223296,0.7583946624205332,1,11,0.17950376264401546
216,-100.0,-97.67802570223296,0.279743989872,1,10,0.10595110357810246
217,-100.0,-98.0775649019616,0.279743989872,1,10,0.04896917799805006
218,-98.0010240005632,-98.27702730163648,0.7595733297696,1,10,0.03952704869171445
219,-98.73394684416307,-98.41679648805682,0.8178479963216001,1,12,0.07045927146026572
220,-100.0,-98.54363941571901,0.279743989872,1,10,0.2649172444416493
221,-87.04830445373109,-97.24846986109213,0.9563632927134118,1,14,0.24452023437596493
222,-98.73157072337794,-97.22160133341713,0.8185519967068,1,12,0.1627101819517222
223,-100.0,-97.95554704688557,0.279743989872,1,10,0.05726711058188791
224,-100.0,-98.11697568838741,0.279743989872,1,10,0.11763978741800563
225,-97.003072001792,-97.95179180236273,0.8191679970199999,1,10,0.0500332021388855
226,-92.69527931018474,-97.22131973338121,0.9384626648481333,1,15,0.24688275266067358
227,-100.0,-97.22131973338121,0.279743989872,1,10,0.1439837648768746
228,-92.66191279348098,-96.68740861267298,0.9186684425566222,1,11,0.14559317064806515
229,-97.003072001792,-96.51432112843588,0.8191679970200001,1,10,0.28677223528555934
230,-131.58754607786238,-99.6730757362221,0.632743987808,1,17,0.2853151095295666
231,-100.0,-100.968245290849,0.279743989872,1,10,0.24464289734773986
232,-100.0,-101.09508821851121,0.279743989872,1,10,0.1649469617093321
233,-98.6549108620388,-100.96057930471508,0.7583946624205332,1,11,0.2867539141185633
234,-94.0058880046592,-100.36116810518101,0.8962651407446857,1,10,0.21458203950175675
235,-97.0028160016384,-100.36114250516565,0.8192319970583999,1,10,0.0010960306527470598
236,-98.0025600015104,-100.89187057429822,0.7590613294538665,1,10,0.19367872090911348
237,-99.0005120002816,-100.79192177432638,0.6396159947952,1,10,0.09183953834715386
238,-92.38962570697335,-100.76469306567562,0.9332785438261091,1,13,0.0743827555529711
239,-100.0,-101.0643858654964,0.279743989872,1,10,0.23262949823359405
240,-100.0,-97.90563125771018,0.279743989872,1,10,0.10511867416607676
241,-96.0030720017664,-97.50593845788681,0.8553343976211198,1,10,0.022373960536615268
242,-90.31821460109187,-96.537759917996,0.9386853317282667,1,12,0.0434574347281031
243,-100.0,-96.67226883179212,0.279743989872,1,10,0.24327391611321572
244,-93.6569588634212,-96.63737591766832,0.9091419982348999,1,11,0.05649801588490881
245,-104.1224687052135,-97.34934118802582,0.95230899738465,1,25,0.27439847321297844
246,-94.65781679089538,-97.01486686696434,0.8960159979421715,1,11,0.005745457937193132
247,-100.72985084170547,-97.18780075110672,0.637743993872,1,12,0.18735241018810483
248,-97.04309765763453,-97.65314794617282,0.8951222830942857,1,14,0.2253517910082436
249,-97.51535853448323,-97.40468379962115,0.8954079976345143,1,13,0.026472819115352406
250,-109.07119088204887,-98.31180288782605,0.9165653302225777,1,22,0.26788739003578416
251,-99.0020480012288,-98.6117004877723,0.6388479943216,1,10,0.03241245636036627
252,-99.65286286081,-99.54516531374409,0.6386159942452,1,11,0.1595563557837964
253,-99.0020480012288,-99.44537011386697,0.6388479943216,1,10,0.2961662106669313
254,-98.0040960024576,-99.88008382777062,0.7585493287285333,1,10,0.12565792308023607
255,-97.0061440036864,-99.16845135761791,0.8183999965463999,1,10,0.09235017712761164
256,-91.6643828676452,-98.8691079652929,0.9265711981655199,1,11,0.2956059095322686
257,-92.04792693390199,-98.00091557451255,0.9382453315121332,1,14,0.2005459774944894
258,-97.73779400861366,-98.07038520961046,0.85412479689024,1,12,0.2925128601337312
259,-99.0005120002816,-98.21890055619028,0.6396159947952,1,10,0.05661969791508434
260,-102.35711548925791,-97.5474930169112,0.9318661794201454,1,20,0.29738003133475077
261,-92.0069120042752,-96.84797941721584,0.9192035539551999,1,10,0.10321632487505318
262,-99.0020480012288,-96.78289793125772,0.6388479943216,1,10,0.18724412321706627
263,-102.96605402532437,-97.17929853366728,0.9074819973799,1,17,0.24962453978705545
264,-100.0,-97.3788889334215,0.279743989872,1,10,0.2137837647940958
265,-100.0,-97.67827453305287,0.279743989872,1,10,0.13055882242449698
266,-96.0066560042496,-98.11250184671331,0.85461759712448,1,10,0.07358862752373375
267,-99.0020480012288,-98.80791395344599,0.6388479943216,1,10,0.17258244187378688
268,-100.0,-99.03413455258462,0.279743989872,1,10,0.12951766380821114
269,-99.0020480012288,-99.03428815267935,0.6388479943216,1,10,0.12238590520647735
270,-100.0,-98.79857660375356,0.279743989872,1,10,0.13087305592190587
271,-100.0,-99.59788540332605,0.279743989872,1,10,0.057086522826804126
272,-92.74053072870274,-98.97173367607343,0.92652479815024,1,12,0.15481875746036342
273,-94.65960879199619,-98.1410891527406,0.8957599977849142,1,11,0.23079141964497107
274,-99.65244078774658,-98.10633323151526,0.638743994372,1,11,0.13171449995686782
275,-93.30786364993898,-97.43711959650916,0.9191573317755554,1,12,0.06208720559322947
276,-95.66051530142914,-97.40250552622713,0.8784293307370666,1,11,0.28127179269939073
277,-97.003072001792,-97.20260792628345,0.8191679970200001,1,10,0.08577016472766918
278,-99.0020480012288,-97.10281272640631,0.6388479943216,1,10,0.06625793979179972
279,-95.0040960023552,-96.70301752651896,0.8792746645861333,1,10,0.21710034764065186
280,-99.17126583327556,-96.6201441098465,0.8772159967714667,1,14,0.27183123875031057
281,-91.70139575017012,-95.79028368486352,0.9428024596118768,1,15,0.2411549089753609
282,-96.006656003968,-96.11689621239006,0.8546175971807999,1,10,0.24484016924329385
283,-99.0020480012288,-96.55114013331333,0.6388479943216,1,10,0.18008840441820026
284,-100.0,-96.58589605453867,0.279743989872,1,10,0.001789852594313912
285,-95.00716800424959,-96.75582648996973,0.8787626642704001,1,10,0.04743692930663006
286,-100.0,-97.1897749598268,0.279743989872,1,10,0.10644923999500479
287,-97.6554228623204,-97.25501004587964,0.8186679967449999,1,11,0.2541551511019117
288,-88.28482911913633,-96.1832881576704,0.95303099806665,1,15,0.11673513107994046
289,-91.74521801422007,-95.85740035885689,0.9330181798949817,1,12,0.2464418066382517
290,-98.30834808643652,-95.77110858417299,0.8182319965084,1,12,0.12040868229730473
291,-99.65244078774658,-96.56621308793063,0.638743994372,1,11,0.2892311890215004
292,-100.46578072991801,-97.01212556052562,0.81716799587,1,14,0.29516724746758344
293,-96.0051200030208,-96.71243276070484,0.85492479737024,1,10,0.05954548203992105
294,-98.0010240005632,-96.51253516076115,0.7595733297696,1,10,0.27197396736764073
295,-147.88901732505508,-101.8007200928417,0.92508319736224,1,21,0.24286489648829962
296,-100.73054672281474,-101.87377476512317,0.6376159936952,1,12,0.26218453173877065
297,-82.40649415562741,-100.34888189445387,0.964294855704838,1,13,0.17655234826019725
298,-99.0005120002816,-101.4204501825684,0.6396159947952,1,10,0.2854297092245642
299,-93.3113577262784,-101.57706415377423,0.9187875536055999,1,12,0.18473321448012744
300,-98.0025600015104,-101.54648534528162,0.75906132936,1,10,0.13141646509795915
301,-105.31085580506382,-102.11232684701335,0.9372959974587999,1,22,0.2693038470374068
302,-106.42906789163207,-102.70865556318475,0.9418363051784001,1,20,0.13516979853962952
303,-98.653118860938,-102.97345544897648,0.7589919960781333,1,11,0.27863843625613444
304,-98.65744329963714,-103.03909737888387,0.7578826620714668,1,11,0.2289725395806769
305,-100.0,-98.25019564637836,0.279743989872,1,10,0.5060132211450156
306,-99.73523400710327,-98.1506643748072,0.7577279953205333,1,12,0.16152721168735015
307,-92.9661648773319,-99.20663144697767,0.9265295981756798,1,13,0.1630900357289065
308,-100.0,-99.3065802469495,0.279743989872,1,10,0.41917788792080296
309,-100.0,-99.97544447432166,0.279743989872,1,10,0.37158721049898624
310,-92.70269274079608,-99.44545774825023,0.9380573313826664,1,15,0.4221962356335017
311,-100.0,-98.91437216774385,0.279743989872,1,10,0.08155072215275154
312,-96.38561963137205,-97.91002734171784,0.8957005692422858,1,13,0.14738616943171284
313,-99.0005120002816,-97.9447666556522,0.6396159947952,1,10,0.5328918085352184
314,-97.65769929976514,-97.844792255665,0.8183479965216001,1,11,0.28492562032081875
315,-136.03811825472943,-101.44860408113796,0.8141799945835999,1,21,0.593268740927568
316,-100.0,-101.47508068042762,0.279743989872,1,10,0.5982157801820928
317,-109.64582267225185,-103.1430464599196,0.9161208852267555,1,24,0.49539306148671935
318,-98.6549108620388,-103.00853754612349,0.7583946624205332,1,11,0.15431595735807277
319,-98.0023040013568,-102.80876794625917,0.7591466628383999,1,10,0.4565440278265135
320,-100.0,-103.53849867217957,0.279743989872,1,10,0.4970168722224189
321,-104.08245849226482,-103.94674452140605,0.9316421790806545,1,22,0.5384548758718003
322,-96.6590068644964,-103.97408324471849,0.8542175969607999,1,11,0.07425410576572529
323,-96.26856259889166,-103.70088830457948,0.9079499974731999,1,15,0.5250634995554805
324,-102.41367472656547,-104.17648584725953,0.8944845685269714,1,17,0.4768140292142828
325,-100.0,-100.57267402178658,0.279743989872,1,10,0.17653363310476144
326,-102.51775772561733,-100.82444979434833,0.6358479925216,1,13,0.30391534246065977
327,-94.96777702399633,-99.35664522952275,0.9080019974163,1,13,0.13107330488271166
328,-97.31488660130022,-99.2226428034489,0.8535103962656001,1,12,0.27493649160910244
329,-99.65539529840834,-99.38795193315406,0.6378479937216,1,11,0.5434323857413144
330,-99.38799002245187,-99.32675093539925,0.8172839959332001,1,13,0.17246915258308368
331,-100.0,-98.91850508617276,0.279743989872,1,10,0.16741427649792487
332,-99.0005120002816,-99.15265559975128,0.6396159946544,1,10,0.46048243179750714
333,-102.51087384561572,-99.77688672442369,0.6366159931452,1,13,0.3395624255773217
334,-99.46757273099321,-99.48227652486646,0.8533759964809601,1,14,0.22866360181190112
335,-100.0,-99.48227652486646,0.279743989872,1,10,0.0948341664978281
336,-100.0,-99.23050075230472,0.279743989872,1,10,0.582475223327876
337,-97.0061440036864,-99.43433745027373,0.8183999965463999,1,10,0.22666782195497687
338,-99.0005120002816,-99.60289999017188,0.6396159947952,1,10,0.47441795378268203
339,-97.65500078925699,-99.40286053925675,0.8187319968083999,1,11,0.41114305440952936
340,-98.73574600738486,-99.33763613775002,0.8181679964199999,1,12,0.587071233409147
341,-96.47313635733751,-98.98494977348379,0.9261855980044,1,16,0.35836709522335186
342,-98.6533748610916,-98.95023605956479,0.7589066627362667,1,11,0.15357241210566566
343,-96.65747086354921,-98.36489576135814,0.85452479687392,1,11,0.42219219969780736
344,-99.0005120002816,-98.31818968828698,0.6396159947952,1,10,0.12209109978253052
345,-100.0,-98.31818968828698,0.279743989872,1,10,0.5998257877403472
346,-95.96235243932396,-97.91442493221938,0.8954445690305143,1,13,0.5852844986692493
347,-98.0010240005632,-98.01391293190704,0.7595733297696,1,10,0.20241897751387497
348,-97.0061440036864,-97.81447613224753,0.8183999965463999,1,10,0.3687817997486137
349,-96.0020480011264,-97.64918085343447,0.8555391977491199,1,10,0.0014680054158467959
350,-95.38978202841028,-97.31458445553702,0.9084179972218,1,13,0.31604195514351185
351,-95.65897930171073,-97.23316874997434,0.8786853302853332,1,11,0.07848746431896554
352,-99.0020480012288,-97.26803606398805,0.6388479943216,1,10,0.05067962887439437
353,-100.0,-97.60228897763314,0.279743989872,1,10,0.5649094601454318
354,-104.70065455214474,-98.17230323281946,0.92552959764568,1,18,0.3692217571461125
355,-94.0071680054528,-97.57302003336474,0.8960822834884571,1,10,0.05593742036997571
356,-100.0,-97.97678478943233,0.279743989872,1,10,0.4122952428386571
357,-100.0,-98.17668238937601,0.279743989872,1,10,0.312820077395313
358,-97.31039608766532,-98.2071075977739,0.85417599696096,1,12,0.29523263494188
359,-99.51254253281923,-98.5581570509432,0.8541343970211199,1,13,0.46010878267445987
360,-98.6533748610916,-98.88451633421133,0.7589066627362667,1,11,0.2809901467389289
361,-91.61563737429739,-98.48018214147,0.9387786650398667,1,14,0.13104243481828615
362,-100.0,-98.57997734134712,0.279743989872,1,10,0.174651712296819
363,-100.0,-98.57997734134712,0.279743989872,1,10,0.05699485565031534
364,-99.0020480012288,-98.01011668625551,0.6388479943216,1,10,0.39394990680223624
365,-77.72243232849877,-96.38164311856012,0.9717019242388739,1,15,0.1782647005775688
366,-99.0020480012288,-96.281847918683,0.6388479943216,1,10,0.5491028002385778
367,-102.1621673189274,-96.49806465057574,0.7570773285386666,1,14,0.4584270361156881
368,-99.0020480012288,-96.66722984193208,0.6388479943216,1,10,0.47954600089792365
369,-99.0020480012288,-96.61618038877303,0.6388479943216,1,10,0.4262038665901385
370,-127.97428366361815,-99.54827126902569,0.9068919971041001,1,20,0.3296452706432455
371,-98.0025600015104,-100.186963531747,0.75906132936,1,10,0.20236359449829683
372,-98.6549108620388,-100.05245461795087,0.7583946624205332,1,11,0.15875465189933483
373,-99.30825815921834,-99.98328043387271,0.7577279953538666,1,12,0.5289256051149192
374,-95.96419302182034,-99.67949493593186,0.8953714261268572,1,13,0.19456726684604306
375,-99.25470445224647,-101.83272214830664,0.8943977112496001,1,15,0.3995577564765614
376,-103.83449376077338,-102.31596672426107,0.8772399968862666,1,17,0.30986034448970473
377,-95.38571358487914,-101.63832135085627,0.9088019980943,1,13,0.12132227365447384
378,-99.0005120002816,-101.63816775076154,0.6396159947952,1,10,0.14141833223567282
379,-99.0020480012288,-101.63816775076154,0.6388479943216,1,10,0.09513271838866734
380,-99.0005120002816,-98.7407905844279,0.6396159947952,1,10,0.5927987655509837
381,-105.73237383766333,-99.51377196804319,0.9644050884981819,1,29,0.37899023511724256
382,-100.0,-99.64828088183931,0.279743989872,1,10,0.5436254745531487
383,-98.0007680004096,-99.51753186595843,0.7596586631541333,1,10,0.3241898849616311
384,-99.73105872309634,-99.89421843608604,0.7582399957029334,1,12,0.08576554457438902
385,-96.65704879171459,-99.63445287003283,0.8545759969552,1,11,0.4416859727259708
386,-97.0046080027392,-98.95146429422942,0.8187839967832,1,10,0.5385835058242573
387,-99.62391357938587,-99.3752842936801,0.9376213307663331,1,18,0.3025037709273412
388,-100.0,-99.47523309365194,0.279743989872,1,10,0.07117157869072163
389,-95.65884079156099,-99.14091237268516,0.8785146641549333,1,11,0.5773672715261305
390,-100.0,-99.24086117265699,0.279743989872,1,10,0.09770676529687913
391,-91.6628468669796,-97.83390847558861,0.9267247982320799,1,11,0.00039840026803705797
392,-99.73189884293427,-97.80709835988205,0.7578133288384,1,12,0.15556100245675805
393,-99.000256000128,-97.90704715985387,0.6397439948720001,1,10,0.44576776130284096
394,-70.30710113667641,-94.9646514012119,0.9772418809243294,1,15,0.03610658914000431
395,-100.0,-95.29894652204044,0.279743989872,1,10,0.04821813903812848
396,-103.7578339014602,-95.97426911191253,0.85288319610464,1,16,0.2177279713459418
397,-101.24932844899527,-96.13681059887348,0.85323199639968,1,15,0.5340000851120137
398,-100.0,-96.13681059887348,0.279743989872,1,10,0.3190618969198658
399,-99.65244078774658,-96.53617059849202,0.638743994372,1,11,0.3791557230245804
400,-98.96323138456326,-96.43249373694836,0.8173479959716001,1,13,0.43404816787103373
401,-100.0,-97.26620905025041,0.279743989872,1,10,0.2891715466224764
402,-105.76402891871294,-97.86942205782826,0.9717508550277429,1,30,0.22209022136256892
403,-95.82988401607005,-97.55238485942247,0.9255919971244,1,15,0.33034741516956295
404,-98.0010240005632,-100.32177714581114,0.7595733296757333,1,10,0.17883905013160895
405,-97.0012800006912,-100.02190514588027,0.8196159972632,1,10,0.11515955943112732
406,-100.0,-99.64612175573424,0.279743989872,1,10,0.02204236251368139
407,-100.16450470683533,-99.53763938151825,0.8539903968998399,1,14,0.50876382632809
408,-105.64085491211503,-100.10172487272976,0.9072259969605,1,17,0.3865505844031444
409,-104.48957634359162,-100.58543842831428,0.8766506631784,1,18,0.5927330440337303
410,-100.0,-100.68911528985794,0.279743989872,1,10,0.13832021448017437
411,-99.0005120002816,-100.5891664898861,0.6396159947952,1,10,0.13816730135792535
412,-100.0,-100.0127635980148,0.279743989872,1,10,0.13359609516376397
413,-95.46577357098364,-99.97635255350616,0.9183999978789333,1,14,0.35708374536971366
414,-97.65769929976514,-99.94202008342634,0.8183479965216001,1,11,0.5921523213238501
415,-112.12516451432668,-101.4544085347899,0.8516927957412801,1,20,0.45922656904471193
416,-98.73728200833207,-101.32813673562312,0.8177839961832001,1,12,0.5697269441176203
417,-117.33735929967283,-103.04542219490686,0.7555733275695999,1,16,0.2062208083768029
418,-119.06225210961716,-104.38756191465707,0.7542399933696,1,18,0.47758680606906667
419,-100.0,-103.93860428029791,0.279743989872,1,10,0.22492246532499663
420,-94.659774864906,-103.40458176678851,0.8957599977706285,1,11,0.19161450077979572
421,-100.0,-103.50453056676035,0.279743989872,1,10,0.5709672980069824
422,-129.55470217147933,-106.46000078390827,0.8762399962862667,1,20,0.550362271953483
423,-100.0,-106.91342342680991,0.279743989872,1,10,0.3800316945437399
424,-100.0,-107.14765349683341,0.279743989872,1,10,0.284434375703515
425,-100.0,-105.93513704540074,0.279743989872,1,10,0.39474730060638624
426,-100.0,-106.06140884456752,0.279743989872,1,10,0.19173888214623092
427,-100.38298751056132,-104.36597166565639,0.7576586620874668,1,13,0.49954219608113254
428,-99.65286286081,-102.42503274077566,0.6386159942452,1,11,0.4842627563068543
429,-103.24142056843047,-102.7491747976187,0.755642660236,1,15,0.5963159819371506
430,-100.73054672281474,-103.35625198340958,0.6376159936952,1,12,0.5258404804079341
431,-97.1212035934416,-103.06837234275375,0.9079499972503999,1,15,0.37088600631258867
432,-98.0040960024576,-99.91331172585157,0.7585493291381334,1,10,0.05127284548673798
433,-98.0007680004096,-99.71338852589253,0.7596586631541333,1,10,0.3088589725442995
434,-100.0,-99.71338852589253,0.279743989872,1,10,0.34552853451611154
435,-99.65286286081,-99.67867481197354,0.6386159942452,1,11,0.0592467426021698
436,-100.0,-99.67867481197354,0.279743989872,1,10,0.14202254877943957
437,-100.0,-99.6403760609174,0.279743989872,1,10,0.16582575559386628
438,-89.74111484856627,-98.64920125969302,0.9434018446833231,1,12,0.1476298140942284
439,-100.0,-98.32505920284999,0.279743989872,1,10,0.30175236366910957
440,-102.51087384561572,-98.50309191513008,0.6366159931452,1,13,0.0899087772547984
441,-103.12125667907858,-99.10309722369378,0.8526175959808,1,15,0.36953005045268117
442,-99.0020480012288,-99.20289242357089,0.6388479943216,1,10,0.223835035605701
443,-100.03880488431095,-99.40669611196104,0.8171679955496001,1,14,0.10037035258438336
444,-100.0,-99.40669611196104,0.279743989872,1,10,0.5260319355024051
445,-94.97284189919301,-98.93869401579933,0.9076179973272,1,13,0.21426631584051442
446,-100.0,-98.93869401579933,0.279743989872,1,10,0.3262718088699858
447,-98.0025600015104,-98.73895001595038,0.7590613294538665,1,10,0.3146767625779226
448,-91.51996653740161,-98.91683518483391,0.9433267676380309,1,13,0.021789811027334016
449,-99.73259472404354,-98.89009465723828,0.7577279953871999,1,12,0.24808307740412983
450,-100.0,-98.6390072726767,0.279743989872,1,10,0.535552366906934
451,-98.62122089059594,-98.18900369382843,0.9426953826919384,1,18,0.37040924053341734
452,-100.72985084170547,-98.36178397787609,0.637743993872,1,12,0.19225360265207772
453,-97.003072001792,-98.05821068962419,0.8191679970199999,1,10,0.23507505745959872
454,-96.12794025419065,-97.67100471504327,0.9379506640200667,1,15,0.24552915422639143
455,-100.0,-98.17372052512397,0.279743989872,1,10,0.40838769715860934
456,-106.30748107685673,-98.80446863280964,0.931642179121818,1,22,0.35325641262975976
457,-100.0,-99.0042126326586,0.279743989872,1,10,0.5121626752933802
458,-97.6536308612196,-99.61757906504039,0.8191159970202,1,11,0.4994815323429127
459,-100.0,-99.64431959263604,0.279743989872,1,10,0.24172992358589884
460,-100.0,-99.64431959263604,0.279743989872,1,10,0.18431182482033365
461,-101.46109344562949,-99.92830684813939,0.7569066616362666,1,14,0.38558611527958714
462,-95.65756079189538,-99.42107784315839,0.8787279972277333,1,11,0.02446891438122123
463,-91.9756579059706,-98.91833643357624,0.9325570883490908,1,13,0.3264978973444961
464,-100.0,-99.30554240815718,0.279743989872,1,10,0.25277405049018564
465,-94.0076800045312,-98.7063104086103,0.8960091407629714,1,10,0.06425657869013557
466,-96.3072617238464,-97.70628847330926,0.8788639974804,1,12,0.25806271903639083
467,-94.73669072639873,-97.17995754594914,0.9086359979758,1,12,0.3320539531564692
468,-100.24449257022246,-97.43904371684943,0.8776079970028,1,15,0.13500240021603843
469,-100.0,-97.43904371684943,0.279743989872,1,10,0.5260511871079963
470,-100.0,-97.43904371684943,0.279743989872,1,10,0.42371627813597873
471,-96.61754032038148,-96.95468840432463,0.8950857114723428,1,14,0.22827064458215496
472,-99.30530364855659,-97.31946268999074,0.7583253291208001,1,12,0.4264395029142631
473,-97.0012800006912,-97.8220248994628,0.8196159972952,1,10,0.08058205808203045
474,-98.20236685711521,-97.64226158517434,0.90753999734,1,16,0.462362856419316
475,-105.75917829404779,-98.81741141412598,0.8151679947449999,1,18,0.3556251753407907
476,-99.03636237165293,-99.09032147890665,0.85399039691984,1,14,0.35175543629729134
477,-130.07625685254155,-102.6242780915209,0.9156088849623999,1,24,0.5185354607185647
478,-104.1865945043097,-103.01848828492965,0.85252479605024,1,16,0.4183118510069958
479,-98.65744329963714,-102.88423261489336,0.7578826620714668,1,11,0.3184434205386948
480,-96.65747086354921,-102.54997970124828,0.85452479715024,1,11,0.26973907740650666
481,-136.71739440400935,-106.55996510961106,0.967532157348928,1,41,0.5455869246765239
482,-98.68687044531649,-106.49812178928705,0.9257295966889598,1,17,0.5829409778398075
483,-97.65641929897154,-106.56363571911508,0.8186679967199999,1,11,0.25913156438147505
484,-97.2660925227397,-106.47000828567752,0.8951291403422857,1,15,0.5366977602809343
485,-98.0040960024576,-105.69450005651852,0.7585493291381334,1,10,0.27796580403635673
486,-97.46372778725495,-105.53723659807872,0.9259455976972799,1,14,0.4380590569923925
487,-100.1127230808761,-102.54088322091218,0.9077259974164,1,15,0.5328287597638262
488,-97.6191386832532,-101.88413763880654,0.8774719968626669,1,14,0.39322894576036393
489,-99.73259472404354,-101.99165278124717,0.7577279953871999,1,12,0.3968813318206416
490,-99.000256000128,-102.22593129490505,0.6397439948720001,1,10,0.004455879789096983
491,-98.65590729868994,-98.41978258437311,0.7583946623871999,1,11,0.41448126443020084
492,-134.1577628962032,-101.96687182946178,0.7523946588872,1,20,0.5933128955278452
493,-100.51852572602692,-102.25308247216732,0.8177319961584,1,13,0.4481632482458533
494,-97.73310672429955,-102.29978389232329,0.8545343971811199,1,12,0.05659014419657018
495,-97.0025600014848,-102.19963029222602,0.8192959970968001,1,10,0.5552748371523547
496,-97.0046080027392,-102.15371831377445,0.8187839967832,1,10,0.12327848451504694
497,-87.74923473540994,-100.91736947922783,0.9504362649863467,1,12,0.20697621049564427
498,-96.6543988616548,-100.820895497068,0.8551391975291199,1,11,0.3704121961094979
499,-99.51394584740773,-100.79903060940441,0.8540319968996799,1,13,0.3412724718429287
500,-96.12213363926892,-100.5112183733185,0.9180071087514666,1,15,0.37984770208713614
501,-96.0020480011264,-100.24583244356215,0.8555391977491199,1,10,0.327358769588501
502,-124.29335098504812,-99.25939125244665,0.9419224586515077,1,22,0.4123498008118269
503,-100.72985084170547,-99.28052376401449,0.637743993872,1,12,0.2298692462884837
504,-99.65539529840834,-99.47275262142537,0.6378479937216,1,11,0.4048761523859212
505,-92.52010419016973,-99.02450704029387,0.9498239976271469,1,18,0.32920825626725186
506,-95.0056320033024,-98.82460944035019,0.8790186642234668,1,10,0.3409265735282383
507,-108.2887940965814,-100.87856537646734,0.9066419969576,1,21,0.5369252578302247
508,-99.73523400710327,-101.18664889101218,0.7577279953205333,1,12,0.5981466653235548
509,-98.3062377219016,-101.06587807846157,0.8185519967068,1,12,0.1731653443381426
510,-98.30581564883819,-101.2842462794185,0.8186159967702,1,12,0.3777763118785669
511,-91.73804284887667,-100.85784576419351,0.9333905436884362,1,12,0.24327508646210455
512,-100.0,-98.42851066568872,0.279743989872,1,10,0.2291455386490035
513,-99.16972983232836,-98.272498564751,0.8774719969293333,1,14,0.20214605715809733
514,-100.81964400511566,-98.38892343542173,0.85323199643968,1,15,0.33489784653860133
515,-96.006656003968,-98.73757861680156,0.8546175971807999,1,10,0.0017848003840238878
516,-102.45451178052215,-99.48246659452353,0.85373439649536,1,14,0.14467524817952862
517,-97.6538868613732,-98.4189758710027,0.8190519969114,1,11,0.04077931206676686
518,-117.33221738708403,-100.17867420900077,0.7556586611541333,1,16,0.2947007964702191
519,-100.0,-100.34805043681062,0.279743989872,1,10,0.13006602142849447
520,-98.65448878897539,-100.38291775082435,0.7584799958384,1,11,0.18468939725921787
521,-98.38708351301892,-101.04782181723859,0.85377599676096,1,13,0.2533784635484137
522,-102.16373670642572,-101.26419548788115,0.7569066616362665,1,14,0.5957720791168446
523,-97.31081816072874,-101.07830432072119,0.85412479691024,1,12,0.5470048196342411
524,-99.0005120002816,-100.89639112023778,0.6396159947952,1,10,0.13614634547548152
525,-106.2715623976019,-101.92288175960115,0.8761039962128,1,19,0.31606812669264756
526,-97.81961047369897,-101.45939162891884,0.9490346636881599,1,22,0.3937667073012851
527,-100.0,-101.69400294278152,0.279743989872,1,10,0.15587192269484354
528,-101.41979117130302,-100.10276032120342,0.9070339964378,1,17,0.519977614123204
529,-90.31942050599844,-99.13470237180327,0.9554588215838588,1,19,0.38164273711050184
530,-98.0025600015104,-99.06950949305677,0.7589759957359999,1,10,0.4628226194763338
531,-94.31389016252074,-98.66219015800695,0.9084439978448999,1,12,0.29780527199462986
532,-94.6584948641124,-97.91166597377563,0.8959428550268571,1,11,0.2645173630879097
533,-96.89949335945386,-97.87053349364814,0.9260831979404,1,16,0.29445389353851475
534,-95.0066560039424,-97.47114789401421,0.8788479976549334,1,10,0.03509856046590121
535,-94.39150763705845,-96.28314241795987,0.9182239976677332,1,13,0.0718513010127165
536,-85.93570634074578,-95.09475200466456,0.9604631563016,1,16,0.2776285995543719
537,-100.0,-95.09475200466456,0.279743989872,1,10,0.09850371095245467
538,-100.0,-94.95277288753425,0.279743989872,1,10,0.17001660867949678
539,-187.66150887178372,-104.68698172411277,0.8151159950452,1,19,0.18715428057362773
540,-96.0051200030208,-104.4872377242638,0.85492479737024,1,10,0.4500112928290889
541,-100.0,-105.05584870801174,0.279743989872,1,10,0.41431430024716853
542,-100.73472200682167,-105.66347142228267,0.6368479931216,1,12,0.3605395932584837
543,-155.91565161133468,-111.56508724747076,0.9569759975814667,1,28,0.07875993413575326
544,-154.21624472667153,-117.48604611974368,0.7529919930874667,1,20,0.28907609249265404
545,-102.284666820085,-118.27536203804632,0.8939131396126857,1,19,0.46611228272996924
546,-99.65539529840834,-119.64733093381258,0.6378479937216,1,11,0.327123192757654
547,-96.655934862602,-119.31292442007279,0.8548319973396798,1,11,0.2134595921815903
548,-98.47366355284755,-119.16029077535754,0.9076999974891999,1,16,0.2493811985963632
549,-95.51407853704802,-109.94554774188396,0.918792886764089,1,13,0.1446536236301488
550,-100.0,-110.34503574158187,0.279743989872,1,10,0.4986837012169926
551,-101.51138584589732,-110.4961743261716,0.7575733286695999,1,13,0.54348041715751
552,-96.65846730066461,-110.0885488555559,0.8545247970739199,1,11,0.17477362875252486
553,-99.0005120002816,-104.3970348944506,0.6396159947952,1,10,0.11438598856991841
554,-94.31463059901827,-98.40687348168527,0.9084759978515999,1,12,0.4199437033327333
555,-116.33400938815923,-99.8118077384927,0.8162959955967999,1,16,0.10068244164283842
556,-99.0020480012288,-99.74647300877474,0.6388479943216,1,10,0.23280359787067179
557,-99.0005120002816,-99.9809307225427,0.6396159947952,1,10,0.11529056691117509
558,-95.30820957854117,-99.66438532511206,0.8959862835097143,1,12,0.3313792386588926
559,-97.73489872540034,-99.88646734394729,0.85417599696096,1,12,0.2082559075929997
560,-97.65769929976514,-99.65223727392382,0.8183479965216001,1,11,0.24228665981750497
561,-99.0020480012288,-99.40130348945696,0.6388479943216,1,10,0.2912835466231094
562,-94.0107520076544,-99.13653196015593,0.8955702831739428,1,10,0.031195528059214682
563,-106.61847692318942,-99.8983284524467,0.8520831958103999,1,18,0.30635072140667247
564,-99.0005120002816,-100.36691659257306,0.6396159947952,1,10,0.4418766440865352
565,-99.04085288326188,-98.63760094208331,0.8533247964702401,1,14,0.5445283644525175
566,-97.0043520025856,-98.437831342219,0.8188479968216,1,10,0.025876617873155695
567,-97.17599658957613,-98.25537980114845,0.9079759975641,1,14,0.26998451994756717
568,-97.0046080027392,-98.42501964356825,0.8187839967832,1,10,0.14160462962666415
569,-100.0,-98.65152977102822,0.279743989872,1,10,0.5057547979166237
570,-99.0005120002816,-98.78581104107987,0.6396159947952,1,10,0.050070585362559435
571,-99.0020480012288,-98.78581104107987,0.6388479943216,1,10,0.2885921380651895
572,-100.0,-99.38473584031443,0.279743989872,1,10,0.10478302078426084
573,-99.0020480012288,-98.62309294811837,0.6388479943216,1,10,0.5896714877112169
574,-107.6544067688782,-99.48848242497802,0.9168159971872889,1,21,0.35316143954671514
575,-99.0005120002816,-99.48444833668,0.6396159947952,1,10,0.0959808669327484
576,-150.2549614383662,-104.80950928025804,0.9583418918491788,1,35,0.5873033144757035
577,-94.96123851236179,-104.58803347253661,0.9086739978731999,1,13,0.058634543761146136
578,-99.0020480012288,-104.78777747238557,0.6388479943216,1,10,0.23522808145050067
579,-99.0020480012288,-104.68798227250845,0.6388479943216,1,10,0.2634152199616591
580,-131.64688905058748,-107.95261997753906,0.6318479901216,1,17,0.5444417759622452
581,-100.0,-108.05241517741615,0.279743989872,1,10,0.32684175852857467
582,-100.0,-108.05241517741615,0.279743989872,1,10,0.022377723405650096
583,-98.30735164978539,-107.98294554227182,0.8182319965334,1,12,0.40788461175224805
584,-96.43293890940015,-106.86079875632402,0.9251919972525599,1,17,0.5518027502281707
585,-99.0020480012288,-106.86095235641874,0.6388479943216,1,10,0.4280363953965038
586,-100.0,-101.8354562125821,0.279743989872,1,10,0.158342921647602
587,-100.0,-102.33933236134594,0.279743989872,1,10,0.014096088238096514
588,-90.49119487834166,-101.48824704905722,0.95280999794825,1,16,0.2245339672071992
589,-96.31440216290474,-101.21948246522481,0.8778399970625334,1,12,0.2700862692478416
590,-93.48658631654652,-97.40345219182072,0.9426092286460922,1,16,0.2649661723769158
591,-99.0005120002816,-97.30350339184888,0.6396159946544,1,10,0.4430258512196222
592,-100.0,-97.30350339184888,0.279743989872,1,10,0.05863308835845338
593,-94.74060284813108,-96.94682851168346,0.9080919976648,1,12,0.17968990622177727
594,-99.38392158390634,-97.24192677913408,0.8180519964318,1,13,0.2220520044211505
595,-100.0,-97.34172197901118,0.279743989872,1,10,0.020226773629242478
596,-99.0020480012288,-97.24192677913406,0.6388479943216,1,10,0.33341131359344406
597,-99.73080272294274,-97.21500705142834,0.7583253290874667,1,12,0.24972369123761318
598,-89.6638708675428,-97.13227465034846,0.9388519984797999,1,11,0.0028770916450338246
599,-104.83492148168082,-97.98432658222607,0.85279039607984,1,17,0.7595175682799954
600,-140.75435866439616,-102.71110381701104,0.9638014515401817,1,35,0.24129081935029392
601,-140.71457751299283,-106.88251036828217,0.94925199566335,1,46,0.6336032460331381
602,-96.0017920012544,-106.48268956840761,0.85559039772352,1,10,0.32375544259874767
603,-98.0023040013568,-106.80885968373016,0.7591466628383999,1,10,0.04600761980611068
604,-101.905598593377,-107.06102738467723,0.85257599598096,1,16,0.7376283255856706
605,-97.73292284349748,-106.834319669027,0.8544831971903999,1,12,0.03112999059646935
606,-98.0025600015104,-106.73437086905514,0.7590613294538665,1,10,0.034645084366980654
607,-100.0,-106.76129059676086,0.279743989872,1,10,0.25183104842433846
608,-100.73472200682167,-107.86837571068875,0.6367199925448,1,12,0.8342591651823207
609,-98.0040960024576,-107.18529316276644,0.7585493287285333,1,10,0.29320872735162634
610,-93.97181790253182,-102.50703908658,0.9179964418727109,1,13,0.3878376591850433
611,-189.36691909924366,-107.3722732452051,0.9355186632048,1,31,0.4941210498297809
612,-102.16626914402406,-107.98872095948204,0.7563946612872,1,14,0.7020140521177198
613,-95.99086136075182,-107.78757669542156,0.9546898797606588,1,24,0.2404687802612799
614,-96.30953816019114,-107.22797065210295,0.8786506641814666,1,12,0.2030424593938283
615,-187.34215108999683,-116.1888934767529,0.8476831933104,1,29,0.7851838522263318
616,-98.6549108620388,-116.25412856280575,0.7583946624205332,1,11,0.41499033438789357
617,-100.0,-116.25412856280575,0.279743989872,1,10,0.5822253974469767
618,-100.72985084170547,-116.25364144629414,0.637743993872,1,12,0.6984760667299976
619,-104.45210817781424,-116.89844266382977,0.7564799948384001,1,14,0.25460889564748873
620,-90.31554365580139,-116.53281523915675,0.9387279983431333,1,12,0.27269140929290187
621,-100.72985084170547,-107.66910841340294,0.637743993872,1,12,0.823569111385533
622,-118.00902691741669,-109.2533841907422,0.9444742827206286,1,31,0.5791780692185147
623,-118.33684729939122,-111.48798278460613,0.6327199899447999,1,16,0.7799284758561403
624,-97.0046080027392,-111.55748976886093,0.8187839967832,1,10,0.14885272186154289
625,-96.0051200030208,-102.42378666016334,0.85492479737024,1,10,0.20247250160519767
626,-128.29765709286346,-105.38806128324579,0.8132319938834001,1,22,0.7653837158915593
627,-98.0040960024576,-105.18847088349155,0.7585493291381334,1,10,0.3673687781294153
628,-97.31081816072873,-104.84656761539388,0.85412479691024,1,12,0.32344548362420267
629,-97.6554228623204,-104.16689908384451,0.8186679967449999,1,11,0.1063530057553532
630,-100.0,-105.13534471826435,0.2794879887184,1,10,0.861104312241954
631,-96.65974730099394,-104.72833436419322,0.8542687969715199,1,11,0.3755823540676695
632,-127.33004726358466,-105.66043639880999,0.8501759937153601,1,22,0.6860219334726765
633,-118.36769871518159,-105.66352154038904,0.6328479907216,1,16,0.7671906163013069
634,-129.05413645303142,-108.86847438541827,0.9728041258931096,1,54,0.5345808948578713
635,-96.17608651707592,-108.88557103682376,0.9181724422448,1,14,0.42313255464487676
636,-100.0,-106.05580532753743,0.279743989872,1,10,0.48407075868660704
637,-93.31298365431658,-105.58669409272332,0.9185884424002665,1,12,0.05869692346861382
638,-98.38824602257988,-105.69443687890843,0.85377599672096,1,13,0.5961007772825068
639,-104.1865945043097,-106.34755404310738,0.8525247958044802,1,16,0.7749203776967178
640,-114.64432741168767,-107.81198678427613,0.8747279954205335,1,23,0.6427025833860236
641,-100.0,-108.14601205417674,0.279743989872,1,10,0.2570700089130171
642,-305.0767402529271,-125.92068135311096,0.887693707591657,1,40,0.8097811984741131
643,-118.79902211766763,-125.96381369335958,0.8509759952809601,1,20,0.6242627189884088
644,-111.82409392930518,-124.24080944098696,0.9241967956970398,1,23,0.4941048500183309
645,-99.38645402150468,-124.56184619142985,0.81766799617,1,13,0.5818803870987967
646,-90.51488993202476,-123.61333518463232,0.9603654719939366,1,20,0.39386481663443224
647,-99.909950600817,-124.27303187928234,0.8940754246378286,1,16,0.32040121327210186
648,-105.11616423996985,-124.94582370102137,0.7557279941538667,1,15,0.7331463883197753
649,-97.0028160016384,-124.22744585075422,0.8192319970583999,1,10,0.21217262511164514
650,-98.42573924035979,-122.60558703362145,0.9074499973142001,1,17,0.3396824223343898
651,-100.0,-122.60558703362145,0.279743989872,1,10,0.21399467166260677
652,-117.67469480736452,-103.86538248906518,0.8917965669782857,1,25,0.6582355842253097
653,-97.0028160016384,-101.68576187746226,0.8192319967512,1,10,0.6229088682507884
654,-100.73054672281474,-100.57640715681322,0.6376159936952,1,12,0.4445183140711233
655,-98.0007680004096,-100.4378385547037,0.7596586631541333,1,10,0.07520873548248312
656,-97.0061440036864,-101.08696396186987,0.8183999965463999,1,10,0.0843164410779124
657,-118.94538479234413,-102.99050738102258,0.8750613285205332,1,22,0.6160177018916797
658,-99.65286286081,-102.44417724310661,0.6386159942452,1,11,0.7060801711819946
659,-97.65795529991874,-102.50969117293464,0.8182839964832,1,11,0.3582210400088794
660,-97.0012800006912,-102.36724524896778,0.8196159972952,1,10,0.016598597355327926
661,-99.65539529840834,-102.3327847788086,0.6378479937216,1,11,0.15779262630433935
662,-106.91304522466683,-101.25661982053883,0.8155519938864,1,18,0.7945437455320452
663,-100.0,-101.556338220375,0.2794879887184,1,10,0.860829549876582
664,-98.30834808643652,-101.31411835673717,0.8182319965084,1,12,0.61963855206369
665,-100.0,-101.51404155669621,0.27795198677120003,1,10,0.7124017139936006
666,-98.0010240005632,-101.6135295563839,0.7595733297696,1,10,0.3124891482907313
667,-118.33170538680243,-101.55216161582972,0.633743991872,1,16,0.10307409809151512
668,-101.51801372574532,-101.73867670232326,0.7571466616384,1,13,0.3701507710067733
669,-159.3349814990293,-107.9063793222343,0.8493343944211199,1,25,0.6858266986444995
670,-106.1824985018521,-108.8245011723504,0.7555733275695999,1,16,0.8947584027450567
671,-98.73310672460674,-108.73227231497023,0.8181679963996,1,12,0.04029365021041709
672,-93.6584948640868,-107.40681727891224,0.9089499981517,1,11,0.026544084163928262
673,-97.65346478830979,-107.17216375774322,0.8191159970452,1,11,0.17004073548542692
674,-94.0074240046592,-106.74207134956548,0.8960457121732571,1,10,0.2578850008347468
675,-100.0,-106.74207134956548,0.279743989872,1,10,0.4403642561659325
676,-95.6559348627044,-106.50756243577959,0.8790266644326666,1,11,0.05173065119571742
677,-100.0,-104.67439189709937,0.279743989872,1,10,0.562371833516202
678,-100.0,-104.52259052452482,0.279743989872,1,10,0.63744657867384
679,-111.84065458190416,-99.77315783281232,0.8151679946949999,1,18,0.44939025636622054
680,-100.46160544591108,-99.20106852721821,0.8175519961568001,1,14,0.7680719860168541
681,-100.0,-99.32775785475755,0.279743989872,1,10,0.4203476155214058
682,-191.26723087285106,-109.08863145563399,0.957929259559537,1,37,0.5068820498626608
683,-98.39168087008926,-109.16245306381192,0.8534175964808,1,13,0.3187373301372926
684,-100.0,-109.76171066334601,0.279743989872,1,10,0.4596113043996466
685,-100.0,-109.76171066334601,0.279743989872,1,10,0.5067174294214871
686,-100.0,-110.19611717707555,0.279743989872,1,10,0.5662823900013134
687,-98.51126253228162,-110.04724343030371,0.8786586642738667,1,13,0.4964197985958204
688,-173.39201746425965,-117.38644517672967,0.9199503944955998,1,45,0.8929844836044998
689,-113.76138458464774,-117.57851817700404,0.8520415959105601,1,19,0.8821192932752692
690,-98.42169843898492,-117.37452747631141,0.9076739975018,1,17,0.444746929044725
691,-171.822545303248,-124.55678200663621,0.7502399912362666,1,24,0.7240305536370438
692,-96.0064000038144,-115.03069891973254,0.8546687972115199,1,10,0.27062048842117753
693,-100.0,-115.19153083272363,0.279743989872,1,10,0.6528416503669614
694,-85.98371139674886,-113.78990197239852,0.9558183512765176,1,13,0.23176382004190693
695,-103.76591357956512,-114.16649333035502,0.8760959960537335,1,18,0.6591108642343572
696,-175.3224678197535,-121.6987401123304,0.9529665850182587,1,43,0.625329141495605
697,-100.0,-121.84761385910224,0.279743989872,1,10,0.07764449385130272
698,-99.0005120002816,-114.40846331270443,0.6396159947952,1,10,0.09062426856910442
699,-99.0005120002816,-112.93237605426779,0.6396159947952,1,10,0.3509520026623883
700,-167.1785395123946,-119.80806016160878,0.9137226605911112,1,33,0.725044495933714
701,-101.37184935790751,-112.76299056707474,0.9313629058694546,1,22,0.4223196270282227
702,-114.4342397746311,-114.60577454415639,0.85092479470448,1,20,0.7360116013108865
703,-115.51177041492409,-116.15695158564881,0.9164977747100443,1,20,0.2926356883151179
704,-96.0046080039424,-117.15904124636816,0.85502719718592,1,10,0.031098172255003952
705,-100.0,-116.78244988841166,0.279743989872,1,10,0.6929523957942177
706,-88.0532130101142,-108.0555244074477,0.9533639984214499,1,14,0.3571579890698413
707,-99.65539529840834,-108.02106393728855,0.6378479937216,1,11,0.40711689835611753
708,-96.03892237313772,-107.72490497457416,0.9084239978893001,1,14,0.2191102484772058
709,-85.32783166735047,-106.35763694128104,0.9560263511030117,1,12,0.14519398834703448
710,-98.5326264745774,-99.49304563749932,0.9522899970134999,1,24,0.3249132397111948
711,-98.73881800927927,-99.2297425026365,0.8173999956392,1,12,0.3783414494713881
712,-93.65858479133058,-97.15217700430644,0.908917998145,1,11,0.3114031569447653
713,-95.01862942701331,-95.10286290551537,0.9528089977225,1,21,0.4440294641503395
714,-99.73523400710327,-95.47592550583146,0.7577279953205333,1,12,0.3335355851715704
715,-97.30902615962793,-95.20682812179425,0.8544831971303999,1,12,0.2954168203680232
716,-95.46558968718928,-95.94806578950177,0.9183715535306667,1,14,0.10103091060072902
717,-116.37000271653838,-97.61952653131476,0.8158479950216,1,16,0.644196899185248
718,-95.0038400024832,-97.5160182942493,0.8793173312314666,1,10,0.09950195687595245
719,-100.73054672281474,-99.05628979979574,0.6376159936952,1,12,0.544486196184527
720,-99.73523400710327,-99.17655055304833,0.7577279953205333,1,12,0.5991219561161
721,-100.0,-99.3026687521204,0.279743989872,1,10,0.3121176780166778
722,-100.38524614011381,-99.97533488699871,0.7571466617717334,1,13,0.2454695192506416
723,-88.7423227307226,-99.34770421736965,0.9473897128547428,1,12,0.13000128899002167
724,-95.39322751783332,-98.91350356844266,0.9078419973738,1,13,0.2972536498214226
725,-115.73458515208773,-100.75605946768863,0.9240575969050399,1,26,0.7165060317898736
726,-96.73720272678274,-100.88322077164797,0.8780959972370668,1,12,0.18983075151184667
727,-98.0040960024576,-99.04663010023991,0.7585493291381334,1,10,0.19245885312887398
728,-99.65539529840834,-99.51178562983242,0.6378479937216,1,11,0.8786132319409187
729,-99.30825815921834,-99.36955677347278,0.7577279953538666,1,12,0.3390144287383118
730,-110.307418464656,-100.42677521922805,0.8748399953125334,1,21,0.7048512907578173
731,-107.96970950465467,-101.22374616969353,0.7537973257536,1,17,0.7847991299468242
732,-126.57771739755557,-103.8429932954377,0.9357999966026666,1,32,0.4880769503685594
733,-142.21753750719301,-109.19051477308474,0.8482175934207999,1,26,0.827495253947612
734,-110.32926873600684,-110.68411889490207,0.6329519897711999,1,15,0.8605507514694535
735,-102.49536466380962,-109.36019684607427,0.9069439970199,1,18,0.4646976698712557
736,-98.0007680004096,-109.48655337343696,0.7596586631541333,1,10,0.29414839513776597
737,-96.89986423807389,-109.37613019699859,0.92592959788568,1,16,0.020064864932373472
738,-100.0,-109.41059066715775,0.279743989872,1,10,0.10404134477844744
739,-92.35763832897034,-108.71552868413296,0.9426289208678155,1,16,0.33351809233508756
740,-165.6901004946449,-114.25379688713183,0.9338946624705332,1,41,0.7329613420322316
741,-99.0020480012288,-113.35703073678926,0.6388479943216,1,10,0.31592160557927595
742,-94.6582388639588,-110.16508288342959,0.8959794264773714,1,11,0.06098302546638863
743,-101.51826972589893,-106.09515610530018,0.7570613282538666,1,13,0.6177626906328878
744,-85.01612800944639,-103.56384203264413,0.9539759987766,1,10,0.0178709083430998
745,-96.002048001408,-102.91451036640396,0.8555391976928,1,10,0.2571990261721012
746,-100.0,-103.114433566363,0.27795198677120003,1,10,0.8963253754430033
747,-108.41966665545631,-104.26641380810125,0.9317498154181817,1,20,0.43717351143215344
748,-100.0,-104.26641380810125,0.279743989872,1,10,0.22359135251760667
749,-100.0,-105.03064997520421,0.279743989872,1,10,0.788989511586208
750,-100.0,-98.46163992573972,0.279743989872,1,10,0.16267924698149724
751,-100.0,-98.56143512561684,0.279743989872,1,10,0.6279878544174362
752,-158.56283365210322,-104.9518946044313,0.8911588524136,1,28,0.7147436543239485
753,-106.19384810197458,-105.41945244203885,0.7544639927536,1,16,0.7740321065940826
754,-110.96990518660562,-108.01483015975478,0.9153066628315555,1,26,0.5216590750497471
755,-99.0020480012288,-108.31483015973686,0.6388479943216,1,10,0.6439074499812693
756,-113.02579463281899,-109.61740962301876,0.9318472698231272,1,21,0.24871940193084963
757,-119.0664273936241,-110.68208569683551,0.7538133267050666,1,18,0.8693929675721112
758,-99.0005120002816,-110.5821368968637,0.6396159947952,1,10,0.5774447805033205
759,-99.12739931356207,-110.49487682821989,0.8768399964458666,1,15,0.7928186394457543
760,-99.000256000128,-110.3949024282327,0.6397439948720001,1,10,0.6372335538686473
761,-98.0025600015104,-110.19515842838373,0.7590613294538665,1,10,0.06673959120206628
762,-103.82911025895926,-104.72178608906934,0.9379199979832,1,18,0.05795871575281841
763,-100.0,-104.1024012788719,0.27795198677120003,1,10,0.8310653381827827
764,-92.0071680041472,-102.20612756062604,0.9191751095249777,1,10,0.10816898193724252
765,-99.65244078774658,-102.27116683927781,0.6386159937952001,1,11,0.867520442515381
766,-225.37975910071935,-113.50656328606786,0.92129919460672,1,38,0.8139016050837143
767,-99.30783608615492,-111.53070415532095,0.7578133287717334,1,12,0.4285050374106914
768,-100.0,-111.63065295529279,0.279743989872,1,10,0.8493135048948016
769,-97.6554228623204,-111.48345531016862,0.8186679967449999,1,11,0.021510580806884817
770,-100.0,-111.58342971015581,0.27795198677120003,1,10,0.7647199730161077
771,-99.39062930551161,-111.72223664055593,0.8172839958832001,1,13,0.3643769232324819
772,-207.40279263899117,-122.07960487855912,0.9284770861769455,1,38,0.7790858561779961
773,-98.0025600015104,-121.87986087871018,0.7590613294538665,1,10,0.22250468558707126
774,-105.36293324791865,-123.21543740308732,0.9064759966628999,1,20,0.46531968590871
775,-98.73310672432514,-123.12350399674517,0.8181679964699999,1,12,0.09943391394647463
776,-95.1610253164985,-110.10163061832309,0.9421870743901539,1,19,0.4633424958973116
777,-93.97082146187627,-109.56792915589521,0.9179964421536888,1,13,0.32331515460469684
778,-108.33182873751724,-110.40111202964695,0.8162839952832,1,15,0.7818274009210914
779,-98.0025600015104,-110.43582574356594,0.7590613294538665,1,10,0.15304852069436378
780,-101.06609062305984,-110.54243480587192,0.9249503973055999,1,20,0.8118409693583175
781,-114.99236008892981,-112.10260788421374,0.8769839966784,1,17,0.47552534289814014
782,-97.65949130086594,-101.12827775040122,0.8178999962464,1,11,0.33641321017129483
783,-99.65539529840834,-101.29356128009101,0.6378479937216,1,11,0.27639828983006026
784,-99.65539529840834,-100.72280748513998,0.6378479937216,1,11,0.6923545922251501
785,-100.51317784697252,-100.90081459740472,0.8177319962334,1,13,0.16556787963430944
786,-118.84488323735656,-103.26920038949054,0.85168319407216,1,19,0.493434877744466
787,-333.11021856048563,-127.18314009935148,0.8992259927891,1,49,0.7797168874464468
788,-100.0,-126.34995722559975,0.279743989872,1,10,0.8628466098146911
789,-100.0,-126.54970122544869,0.279743989872,1,10,0.6679317980857111
790,-99.76801877888052,-126.41989404103076,0.9173582194897778,1,16,0.19131076682886802
791,-99.65286286081,-124.88594431821878,0.6386159942452,1,11,0.46535654818876715
792,-100.0,-125.11999518813218,0.279743989872,1,10,0.03501930563046784
793,-153.15253804314008,-130.46970946260538,0.7535733234423999,1,19,0.6222899474643631
794,-176.82048589685752,-138.18621852245028,0.8704639924369332,1,34,0.8810203218649478
795,-99.65539529840834,-138.10044026759388,0.6378479937216,1,11,0.7779178856620899
796,-97.6538868613732,-135.98134062999551,0.8190519969818,1,11,0.20637973367431273
797,-107.96697570662423,-113.46701634460939,0.85283199621968,1,16,0.21489861802839652
798,-117.58733862763185,-115.22575020737256,0.8746506620617334,1,24,0.5231345788508864
799,-96.46672545169508,-114.87242275254209,0.9081359973554,1,14,0.36767602053776816
800,-99.18652362757297,-114.81427323741134,0.9494474644653866,1,23,0.6397334273277323
801,-105.98529352582703,-115.44751630391303,0.8945508531732571,1,16,0.18582808409386245
802,-98.0025600015104,-115.24777230406407,0.7590613294538665,1,10,0.2996502529527205
803,-162.2091800696454,-116.15343650671461,0.8907794221101714,1,26,0.7789066733900437
804,-100.0,-108.47138791702886,0.279743989872,1,10,0.24098106112160367
805,-100.0,-108.50584838718801,0.279743989872,1,10,0.6342896650383514
806,-112.76246146206563,-110.01670584725726,0.8763173297117333,1,19,0.6375931881442565
807,-100.0,-109.22000827659485,0.2794879887184,1,10,0.8552630074269875
808,-100.0,-107.46127441383165,0.279743989872,1,10,0.8829492451570402
809,-105.10481463984735,-108.32508333264688,0.7562399946029332,1,15,0.45610618907311073
810,-189.64195183703,-117.37062615359257,0.892228567126857,1,24,0.695389168257889
811,-100.0,-116.77209680100987,0.279743989872,1,10,0.14263074237557866
812,-149.53126573608472,-121.92496737446731,0.9163662191166222,1,22,0.1683464854054628
813,-134.09434515721296,-119.11348388322408,0.8121799934336,1,25,0.8471467898753264
814,-97.003072001792,-118.81379108340327,0.8191679970199999,1,10,0.24062028146159145
815,-131.3022843489958,-121.94401951830284,0.7526186582378668,1,18,0.8568300740406153
816,-102.98669110807957,-120.96644248290423,0.9070019963603999,1,17,0.4525840385684359
817,-99.0020480012288,-120.86664728302712,0.6388479943216,1,10,0.01442599970527364
818,-99.0020480012288,-120.76685208315,0.6388479943216,1,10,0.031028605920169372
819,-101.25086444994247,-120.3814570641595,0.85292479621024,1,15,0.6277837959495676
820,-100.0,-111.41726188045652,0.279743989872,1,10,0.5119193660956638
821,-100.0,-111.41726188045652,0.279743989872,1,10,0.8041413721794367
822,-97.003072001792,-106.16444250702725,0.8191679970199999,1,10,0.6165660149319105
823,-100.0,-102.75500799130596,0.279743989872,1,10,0.25532693820873303
824,-100.0,-103.05470079112675,0.2794879887184,1,10,0.8386394591528413
825,-100.0,-99.92447235622717,0.279743989872,1,10,0.6024290804168742
826,-102.50972653118082,-99.87677589853729,0.6358479918216,1,13,0.6058028570965664
827,-95.0087040051968,-99.4774414989341,0.8785066640656,1,10,0.037571916636715164
828,-100.85325875208828,-99.66256257402003,0.8764293289989333,1,17,0.3910834487830235
829,-100.89642135881545,-99.62711826490734,0.8773173300070667,1,16,0.7978157672617635
830,-95.96493345831787,-99.22361161073913,0.8954079975630858,1,13,0.17531073864878197
831,-132.31739691956784,-102.4553513026959,0.7537439935386666,1,19,0.6879553402500681
832,-110.3105564076527,-103.78609974328197,0.6346159920451999,1,15,0.589719879048192
833,-99.0020480012288,-103.68630454340487,0.6388479937072,1,10,0.6150059396308888
834,-100.0,-103.68630454340487,0.279743989872,1,10,0.6620661211166181
835,-105.75917829404779,-104.26222237280963,0.8151679947449999,1,18,0.4991270145261174
836,-103.08260613532286,-104.31951033322385,0.8935405678638858,1,18,0.7069265376209235
837,-100.0,-104.81863993270414,0.279743989872,1,10,0.7586787505893999
838,-98.73131472357228,-104.60644552985256,0.8186159967132001,1,12,0.14565692280320974
839,-109.7330293266303,-105.49010632663405,0.9421870746796307,1,19,0.09441643478902093
840,-189.39154359431683,-114.83276734023393,0.8141159944952001,1,21,0.6605224137837908
841,-152.10602398524804,-116.81163004680195,0.8481247925844799,1,27,0.5797810912442886
842,-99.0020480012288,-115.68077920615956,0.6388479943216,1,10,0.24156145499202594
843,-154.31826004299654,-121.21240041033634,0.7517973247536,1,20,0.7716812010867292
844,-96.006656003968,-120.81306601073315,0.8546175971807999,1,10,0.06837923941070538
845,-99.1777610347262,-120.15492428480097,0.8771733291744,1,14,0.27752403458024416
846,-106.96333762493468,-120.54299743376218,0.8159879950433999,1,17,0.8207459309980997
847,-99.65539529840834,-120.508536963603,0.6378479937216,1,11,0.6782963258232002
848,-94.66230730373314,-120.1016362216191,0.8955405688740571,1,11,0.3524645664898174
849,-117.36795471788054,-120.8651287607441,0.7551466603957332,1,16,0.8310730421047345
850,-175.89805348602513,-119.51577974991494,0.8720959931901334,1,30,0.8097919792925612
851,-100.0,-114.30517735139014,0.279743989872,1,10,0.6671583255267066
852,-175.1375115210327,-121.91872370337055,0.9698062190671705,1,42,0.44343315362214786
853,-96.38648158551914,-116.1255458576228,0.8954079972876572,1,13,0.7578681081232185
854,-155.4156741560501,-122.06644767283099,0.810667992195,1,27,0.7680445557407668
855,-99.000256000128,-122.0486971693712,0.6397439948720001,1,10,0.6562397223743457
856,-100.73472200682167,-121.42583560755986,0.6368479931216,1,12,0.5248204166754463
857,-97.19691379187502,-121.17998745690656,0.9379119976597333,1,16,0.3860299636253402
858,-99.65539529840834,-121.67929625637404,0.6378479937216,1,11,0.2935755734058972
859,-108.30999768274668,-120.7735005528607,0.8167319958084001,1,15,0.04457457540093555
860,-99.000256000128,-113.08372080427095,0.6397439948720001,1,10,0.23126370553358463
861,-83.93394190882503,-111.47711499515347,0.9642651411952381,1,16,0.26233359724297006
862,-188.38506678688327,-112.80187052173854,0.8466687927315201,1,30,0.850064598716588
863,-99.13148616651,-113.0763709798376,0.9070019970265,1,17,0.5553703638620261
864,-98.65590729868994,-107.4003942941016,0.7583946623871999,1,11,0.36209580784951473
865,-96.0028160016128,-107.10065029425007,0.8553855976518399,1,10,0.1532468410999052
866,-93.0097280060416,-106.32815089417207,0.9087519979787999,1,10,0.01925690033630556
867,-97.0012800006912,-106.30858751505369,0.8196159972952,1,10,0.09035675882949586
868,-97.73779400861366,-106.11682738607422,0.85412479689024,1,12,0.49362239841359623
869,-124.67932977821201,-107.75376059562075,0.9478133298406933,1,35,0.5642431488651645
870,-97.0043520025856,-107.5541701958665,0.8188479968216,1,10,0.3200609665316094
871,-93.73848272747394,-108.53462427773141,0.9185884425256889,1,12,0.24994045553971078
872,-100.0,-99.69611759904308,0.279743989872,1,10,0.6795382139589093
873,-98.3062377219016,-99.61359275458224,0.8185519967068,1,12,0.4830564520432279
874,-93.29555789617707,-99.07755781433094,0.95270699802215,1,19,0.41774504264577716
875,-100.0,-99.47727621416966,0.279743989872,1,10,0.08635981100302274
876,-103.00916871195535,-100.47722028476105,0.9421907670951384,1,20,0.15841450369535687
877,-106.27881788298842,-101.40497407299077,0.9067519964318,1,18,0.5108613898333685
878,-195.2737476106701,-111.1585694331964,0.7503946577205333,1,23,0.8379222361790688
879,-99.000256000128,-108.590662055388,0.6397439948720001,1,10,0.38911775456420894
880,-105.84981157729591,-109.47520801285904,0.892829709894057,1,21,0.6789546074382762
881,-98.39003802368067,-109.94036354247972,0.8534175965008,1,13,0.5820883762008967
882,-98.77682732686267,-109.81804627516598,0.8943314249808,1,16,0.48131545176500223
883,-101.05929892703249,-110.09335239567906,0.9520849974036,1,25,0.3644342124174683
884,-103.12026024242745,-111.0758226303041,0.8526175960008,1,15,0.7881312102611753
885,-150.1400968655116,-116.08983231685527,0.8765733299196,1,19,0.15056444233222152
886,-100.0,-115.78891544565973,0.27795198677120003,1,10,0.7942861213968423
887,-101.55103084776833,-115.31613674213773,0.8767279965205335,1,17,0.335722667956337
888,-219.7668378844706,-117.76544576951778,0.9017839941457,1,38,0.8592337226922148
889,-94.66256330265793,-117.33167649977077,0.8955039975990856,1,11,0.2525021091625782
890,-96.77242360909582,-116.42393770295075,0.9178986640944888,1,16,0.4165548216605309
891,-100.0,-116.58493390058268,0.279743989872,1,10,0.5613513095645627
892,-101.79872008631486,-116.88712317652792,0.9313629056256727,1,22,0.39571151936206184
893,-100.0,-116.78119328382465,0.279743989872,1,10,0.7989272804249693
894,-100.0,-116.46916725958192,0.279743989872,1,10,0.8257553296100241
895,-100.0,-111.45515757303076,0.279743989872,1,10,0.8290124085214235
896,-100.73472200682167,-111.52862977371292,0.6368479931216,1,12,0.8829010505296375
897,-98.0023040013568,-111.17375708907177,0.7591466624288,1,10,0.1385786787773468
898,-98.54354641263838,-99.05142794188855,0.951825997337,1,24,0.6291829110182888
899,-99.65286286081,-99.55045789770375,0.6386159942452,1,11,0.5375742557223818
900,-99.73105872309634,-99.84632140910381,0.7582399957029334,1,12,0.3357746494616927
901,-100.0,-99.84632140910381,0.279743989872,1,10,0.33148243592312676
902,-99.65286286081,-99.63173568655331,0.6386159942452,1,11,0.27667770293957505
903,-97.65949130086594,-99.39768481663991,0.8178999962464,1,11,0.34576977577489454
904,-93.3295984624997,-98.73064466288989,0.9597667346578949,1,23,0.31049137974482344
905,-111.03728852294175,-99.83437351518407,0.7550773275386667,1,17,0.5016003617174236
906,-90.66182286726121,-98.82708360122801,0.9334792710944728,1,11,0.004534694664390238
907,-83.75365886006067,-97.40221908709839,0.9606147352309895,1,12,0.02565098196083342
908,-122.75303540455045,-99.8231679862896,0.9351346629057332,1,31,0.6315458908060853
909,-143.36767351511332,-104.19464905171995,0.84913919422912,1,26,0.5846386920852651
910,-100.0,-104.2215431794103,0.279743989872,1,10,0.04967456497651496
911,-103.3389377425653,-104.55543695366683,0.8760959956656,1,18,0.5368888006789997
912,-104.10686264107615,-105.00083693169344,0.816667995645,1,15,0.642948859920826
913,-188.47923913126988,-114.08281171473384,0.8133999935464,1,20,0.7702426851690541
914,-93.66307530322113,-114.11615939880599,0.9085019976752,1,11,0.1095566247851662
915,-99.51394584740773,-112.96382513125259,0.8540319968996799,1,13,0.5706007195315673
916,-136.18759041250217,-117.51640188577669,0.8922354244774857,1,25,0.4319235538845616
917,-98.73157072337794,-119.0141930721084,0.8185519967068,1,12,0.21028648715555204
918,-100.0,-116.73888953165336,0.279743989872,1,10,0.8853906168802113
919,-100.0,-112.40212218014203,0.279743989872,1,10,0.30648259682751133
920,-148.8796553137172,-117.29008771151375,0.9166168856728889,1,21,0.5758951471396874
921,-100.0,-116.95619393725721,0.279743989872,1,10,0.8905234156460758
922,-101.63002943662534,-116.70851061681215,0.8941622826050286,1,18,0.30167422522264487
923,-99.03644426212296,-107.76423112989747,0.9173866640655999,1,16,0.28075174029062216
924,-119.52375517581024,-110.35029911715635,0.9163946635872,1,22,0.14883024972977207
925,-96.621186684482,-110.06102320086379,0.8946834257067428,1,14,0.20827440563272115
926,-203.30129567131667,-116.77239372674524,0.9439462819422857,1,37,0.6763921507386341
927,-104.45246377931895,-117.34448303233933,0.7569066616362665,1,14,0.4103626767358616
928,-101.96679298955581,-117.54116233129491,0.9163662187832888,1,22,0.541008234239137
929,-99.60325114426651,-117.50148744572157,0.968307197620896,1,34,0.4077200254647873
930,-100.0,-112.61352191434985,0.279743989872,1,10,0.0688773944983274
931,-100.73054672281474,-112.68657658663133,0.6376159924544,1,12,0.6522591565588614
932,-88.40243287817887,-111.36381693078667,0.9504223982876268,1,13,0.09767803114113309
933,-100.0,-111.46017250457437,0.279743989872,1,10,0.45891008715357967
934,-100.03838280896966,-109.51163526789033,0.8172319959584,1,14,0.16481120391364645
935,-101.4681653904182,-109.99633313848395,0.8774293288717332,1,14,0.3687469100691512
936,-111.84753846190577,-100.85095741754286,0.8147839943832,1,18,0.6151162672363675
937,-101.1060592374105,-100.51631696335201,0.9456502828702857,1,22,0.30762714745473785
938,-99.0020480012288,-100.2198424645193,0.6388479943216,1,10,0.7492289735810643
939,-99.65539529840834,-100.22505687993348,0.6378479937216,1,11,0.7708288053540645
940,-87.80165277959303,-99.00522215789279,0.96206079811716,1,18,0.4111458954907655
941,-133.49175782498438,-102.28134326810975,0.8747279954538668,1,23,0.36138266471658365
942,-100.0,-103.44109998029187,0.279743989872,1,10,0.7685799440107354
943,-94.0076800045312,-102.84186798074498,0.8960091407629714,1,10,0.03207398919422202
944,-98.65565129853634,-102.70359482970166,0.7584799957717333,1,11,0.09207432101131462
945,-105.45195177903736,-103.10197346856357,0.6356159925952,1,14,0.8519796444226144
946,-100.73054672281474,-101.99027429465447,0.6374879931184,1,12,0.828670622084219
947,-100.0,-101.87966837091342,0.279743989872,1,10,0.8096931571135655
948,-97.03915080935366,-101.6833786517259,0.8954514261888,1,14,0.37978304162978765
949,-100.0,-101.71783912188508,0.279743989872,1,10,0.709349992542262
950,-93.3131497259976,-102.26898881652554,0.9185884425256887,1,12,0.3069031048377251
951,-99.000256000128,-98.81983863403988,0.6397439948720001,1,10,0.6270571935882903
952,-100.81922193205224,-98.90176082724511,0.8532831964904,1,15,0.5363551888056141
953,-137.0460838384166,-103.20560121063366,0.7522399922029334,1,21,0.7926732236773523
954,-98.0023040013568,-103.1402664809157,0.7591466628383999,1,10,0.6427180468115467
955,-96.04213288395307,-102.19928459140728,0.9081359975633,1,14,0.3460919978373179
956,-100.73054672281474,-102.19928459140726,0.6367199921448,1,12,0.8936616481097195
957,-99.30572572162001,-102.12985716356927,0.7582399957029334,1,12,0.47047436446323226
958,-102.1878541851735,-102.64472750115127,0.8946239971926858,1,16,0.5114454533553603
959,-109.63499445762685,-103.60822694691394,0.8156679949700001,1,17,0.3678247411146647
960,-99.0020480012288,-104.17711677443705,0.6388479943216,1,10,0.02636927793802828
961,-95.83343988921327,-103.86043516334557,0.9257711976855199,1,15,0.4071026289323633
962,-111.0452463490477,-104.88303760504513,0.8922948528629714,1,23,0.5785421112017087
963,-129.59679166224075,-104.13810838742754,0.8161159953702,1,17,0.5093158214361251
964,-131.59602366183117,-107.49748035347497,0.6326159909452,1,17,0.7827093043519886
965,-95.0040960023552,-107.39367666531521,0.8792746645861333,1,10,0.3171251109117255
966,-99.65539529840834,-107.28616152287455,0.6378479937216,1,11,0.37708369808421416
967,-94.96123851113299,-106.85171280182585,0.9086739980267999,1,13,0.253558545677831
968,-116.63768710855042,-108.29669609416355,0.85244159617056,1,18,0.44868975321657173
969,-99.0005120002816,-107.23324784842903,0.6396159947952,1,10,0.4344727618105287
970,-98.0025600015104,-107.13329904845719,0.7590613294538665,1,10,0.15017674230972752
971,-102.96999362890267,-107.84695442242612,0.9071939971698999,1,17,0.44706648833678947
972,-95.006912004096,-106.24312098793095,0.8788053309626668,1,10,0.1391479353112009
973,-135.8868769279335,-106.87212951450022,0.9154488851217777,1,26,0.4676703816871915
974,-93.74598601381047,-103.08712574969816,0.9180479975583999,1,12,0.12425430008826141
975,-97.20671104972428,-103.30738725443507,0.9323694524426182,1,18,0.6481577998418758
976,-120.80612185159566,-105.4224599097538,0.8921919956049142,1,24,0.7452082922867838
977,-98.0010240005632,-105.72643845869682,0.7595733297696,1,10,0.170453861209106
978,-101.17340902415366,-104.18001065025715,0.8168479956215999,1,14,0.42533097530397784
979,-99.33730654105808,-104.2136901043348,0.925196797308,1,18,0.44293476899590484
980,-117.03418486707659,-106.1168525908914,0.9672447971487359,1,46,0.7176271993775354
981,-99.0020480012288,-105.72005802812403,0.6388479943216,1,10,0.5139759281719588
982,-97.65949130086594,-105.98531595780102,0.8178999962464,1,11,0.12270037607861582
983,-99.30783608615492,-102.32741187362316,0.7578133279621334,1,12,0.38562086960733616
984,-105.35729493246868,-103.48854276548897,0.9062839966206999,1,20,0.5613746504240402
985,-97.6554228623204,-103.5334139467486,0.8186679967449999,1,11,0.13457201113758388
986,-100.0,-101.45280176158903,0.27795198677120003,1,10,0.7263988726072715
987,-89.12862043562141,-100.56556140509484,0.95331899834935,1,15,0.0626629336959554
988,-116.03726592355022,-102.0519470950345,0.9439508528014285,1,33,0.5990188685417842
989,-98.0025600015104,-101.91847244107974,0.7590613294538665,1,10,0.060749225980530286
990,-184.53319225593208,-108.66837317996529,0.9475263967553065,1,36,0.4838453284146324
991,-100.0,-108.76816837984241,0.279743989872,1,10,0.6030418167888029
992,-130.80822208766858,-112.08304145852267,0.92357119618264,1,26,0.6965068123208048
993,-100.0,-112.15225784990719,0.279743989872,1,10,0.7985050127044302
994,-110.9133615557453,-112.70786451223485,0.7538133265717333,1,18,0.6389482130482814
995,-99.04338532086021,-112.84666075808882,0.8530175962608,1,14,0.8000905990126181
996,-141.63487249356552,-117.01014800744538,0.84937599442096,1,24,0.43751285246211225
997,-95.0053760031488,-117.5978235641981,0.8790613311205333,1,10,0.35195593281895127
998,-105.45006017658545,-116.53910298950163,0.635743992872,1,14,0.7634120699469689
999,-101.85243152420466,-116.92409014177106,0.85217599580096,1,17,0.5465092515987879
