step,reward_mean,episode_length,Avg_QoS,Drops,Retries,EDF,lifetime
200,-100.0,200,0.279743989872,1,10,0.1837,0.279743989872
400,-98.0025600015104,200,0.7590613294538665,1,10,0.0026,0.7590613294538665
600,-100.0,200,0.279743989872,1,10,0.0723,0.279743989872
800,-99.51587053486722,200,0.85346879661152,1,13,0.2328,0.85346879661152
1000,-104.06270741995472,200,0.8935908537193143,1,20,0.1856,0.8935908537193143
1200,-98.6533748610916,200,0.7589066627362667,1,11,0.0546,0.7589066627362667
1400,-100.0,200,0.279743989872,1,10,0.0555,0.279743989872
1600,-98.0007680004096,200,0.7596586631541333,1,10,0.1855,0.7596586631541333
1800,-99.17369258821932,200,0.8776853303116,1,14,0.2676,0.8776853303116
2000,-90.6648948682084,200,0.9331999982810908,1,11,0.046,0.9331999982810908
2200,-98.0023040013568,200,0.7591466628383999,1,10,0.2416,0.7591466628383999
2400,-89.0161280110848,200,0.9386346648754664,1,10,0.0265,0.9386346648754664
2600,-99.0020480012288,200,0.6388479943216,1,10,0.2625,0.6388479943216
2800,-97.003072001792,200,0.8191679970200001,1,10,0.0286,0.8191679970200001
3000,-98.81967156902772,200,0.8950194259621714,1,15,0.2415,0.8950194259621714
3200,-97.73933000956086,200,0.8538175967007999,1,12,0.252,0.8538175967007999
3400,-100.0,200,0.279743989872,1,10,0.082,0.279743989872
3600,-100.0,200,0.279743989872,1,10,0.297,0.279743989872
3800,-98.51305453310084,200,0.8783599974706666,1,13,0.0092,0.8783599974706666
4000,-97.65795529991874,200,0.8182839964832,1,11,0.1152,0.8182839964832
4200,-148.8707337589978,200,0.9544602328130352,1,28,0.239,0.9544602328130352
4400,-102.52313304485578,200,0.9490410643466664,1,24,0.1948,0.9490410643466664
4600,-98.16885670944652,200,0.8950857116982858,1,14,0.2258,0.8950857116982858
4800,-97.0028160016384,200,0.8192319970583999,1,10,0.2435,0.8192319970583999
5000,-99.0005120002816,200,0.6396159947952,1,10,0.0335,0.6396159947952
5200,-100.0,200,0.279743989872,1,10,0.1797,0.279743989872
5400,-99.0020480012288,200,0.6388479943216,1,10,0.2914,0.6388479943216
5600,-79.07176969302114,200,0.969487357937792,1,14,0.1418,0.969487357937792
5800,-99.0020480012288,200,0.6388479943216,1,10,0.012,0.6388479943216
6000,-97.0028160016384,200,0.8192319970583999,1,10,0.1469,0.8192319970583999
6200,-100.0,200,0.279743989872,1,10,0.1398,0.279743989872
6400,-76.98837453310321,200,0.970855998551046,1,13,0.0643,0.970855998551046
6600,-100.0,200,0.279743989872,1,10,0.2902,0.279743989872
6800,-98.6549108620388,200,0.7583946624205332,1,11,0.1837,0.7583946624205332
7000,-91.32114809651972,200,0.9327389069045818,1,12,0.2671,0.9327389069045818
7200,-100.0,200,0.279743989872,1,10,0.1051,0.279743989872
7400,-93.3549122549888,200,0.9380613313554,1,16,0.1231,0.9380613313554
7600,-99.8987405541959,200,0.8945508542916573,1,16,0.2833,0.8945508542916573
7800,-91.96744488452536,200,0.9330923613314908,1,13,0.282,0.9330923613314908
8000,-100.0,200,0.279743989872,1,10,0.2122,0.279743989872
8200,-95.0102400073728,200,0.8782506637498666,1,10,0.0074,0.8782506637498666
8400,-98.0025600015104,200,0.7590613294538665,1,10,0.0093,0.7590613294538665
8600,-96.73566672583554,200,0.8783519973949333,1,12,0.0084,0.8783519973949333
8800,-98.6544887889754,200,0.7584799958384,1,11,0.041,0.7584799958384
9000,-98.0040960024576,200,0.7585493291381334,1,10,0.0154,0.7585493291381334
9200,-86.71468019570003,200,0.9580079981763112,1,15,0.058,0.9580079981763112
9400,-98.6549108620388,200,0.7583946624205332,1,11,0.1866,0.7583946624205332
9600,-97.0025600016128,200,0.8192959970647999,1,10,0.001,0.8192959970647999
9800,-99.0020480012288,200,0.6388479943216,1,10,0.0663,0.6388479943216
10000,-95.39602935346916,200,0.96161519801664,1,19,0.2952,0.96161519801664
10200,-99.0005120002816,200,0.6396159947952,1,10,0.1622,0.6396159947952
10400,-100.0,200,0.279743989872,1,10,0.0779,0.279743989872
10600,-98.0010240005632,200,0.7595733297696,1,10,0.0535,0.7595733297696
10800,-101.16463739321962,200,0.8172319960334,1,14,0.1506,0.8172319960334
11000,-95.0084480050432,200,0.8785493308048,1,10,0.0505,0.8785493308048
11200,-98.0023040013568,200,0.7591466628383999,1,10,0.0806,0.7591466628383999
11400,-93.0079360046592,200,0.9089759981164,1,10,0.0249,0.9089759981164
11600,-97.003072001792,200,0.8191679970200001,1,10,0.091,0.8191679970200001
11800,-98.0040960024576,200,0.7585493291381334,1,10,0.1823,0.7585493291381334
12000,-100.0,200,0.279743989872,1,10,0.2766,0.279743989872
12200,-98.65744329963714,200,0.7578826620714668,1,11,0.217,0.7578826620714668
12400,-96.6572148633956,200,0.85457599718096,1,11,0.1054,0.85457599718096
12600,-99.0020480012288,200,0.6388479943216,1,10,0.0541,0.6388479943216
12800,-93.74723582140994,200,0.9713161462444444,1,22,0.1849,0.9713161462444444
13000,-97.73361872460674,200,0.8544319971196799,1,12,0.1566,0.8544319971196799
13200,-92.660798866698,200,0.9188106647335998,1,11,0.2366,0.9188106647335998
13400,-97.31081816072872,200,0.85412479691024,1,12,0.2884,0.85412479691024
13600,-98.48948308846674,200,0.9578479978248446,1,19,0.0402,0.9578479978248446
13800,-99.46687684988392,200,0.8534271965516801,1,14,0.1874,0.8534271965516801
14000,-98.6533748610916,200,0.7589066627362667,1,11,0.1457,0.7589066627362667
14200,-94.0076800048128,200,0.8960091407227428,1,10,0.0698,0.8960091407227428
14400,-96.00332800192,200,0.8552831975904001,1,10,0.026,0.8552831975904001
14600,-99.000256000128,200,0.6397439948720001,1,10,0.2783,0.6397439948720001
14800,-113.9877301766226,200,0.8945211400774856,1,17,0.1211,0.8945211400774856
15000,-98.0010240005632,200,0.7595733297696,1,10,0.0982,0.7595733297696
15200,-90.0110080064512,200,0.9335214529265452,1,10,0.0376,0.9335214529265452
15400,-99.0005120002816,200,0.6396159947952,1,10,0.2528,0.6396159947952
15600,-100.0,200,0.279743989872,1,10,0.2513,0.279743989872
15800,-99.65244078774658,200,0.638743994372,1,11,0.0042,0.638743994372
16000,-99.000256000128,200,0.6397439948720001,1,10,0.0652,0.6397439948720001
16200,-96.0035840020736,200,0.85523199755968,1,10,0.2224,0.85523199755968
16400,-100.0,200,0.279743989872,1,10,0.2679,0.279743989872
16600,-96.0017920009728,200,0.8555903977798399,1,10,0.0387,0.8555903977798399
16800,-81.28354912245526,200,0.9673815636891826,1,15,0.2854,0.9673815636891826
17000,-100.72985084170548,200,0.637743993872,1,12,0.185,0.637743993872
17200,-98.65744329963714,200,0.7578826620714668,1,11,0.2325,0.7578826620714668
17400,-95.04428773064326,200,0.9183146645864888,1,14,0.2248,0.9183146645864888
17600,-149.61676209846303,200,0.9366679973465332,1,25,0.2025,0.9366679973465332
17800,-94.0089600053248,200,0.8958262835067429,1,10,0.0895,0.8958262835067429
18000,-94.4726243572351,200,0.9385306650122,1,16,0.1982,0.9385306650122
18200,-97.003072001792,200,0.8191679970199999,1,10,0.1544,0.8191679970199999
18400,-80.7158038835975,200,0.9683993317563332,1,15,0.0704,0.9683993317563332
18600,-94.0030720016896,200,0.8966674268832,1,10,0.0146,0.8966674268832
18800,-99.0020480012288,200,0.6388479943216,1,10,0.0528,0.6388479943216
19000,-94.6947673095942,200,0.926206397938,1,15,0.2877,0.926206397938
19200,-97.0028160016384,200,0.8192319970584001,1,10,0.0192,0.8192319970584001
19400,-97.3067497221832,200,0.8547391972527999,1,12,0.0647,0.8547391972527999
19600,-98.0025600015104,200,0.7590613294538665,1,10,0.0654,0.7590613294538665
19800,-97.6554228623204,200,0.8186679967449999,1,11,0.0555,0.8186679967449999
20000,-98.0025600015104,200,0.7590613294538665,1,10,0.2281,0.7590613294538665
20200,-94.006144003584,200,0.8962285694697144,1,10,0.0753,0.8962285694697144
20400,-97.00281600192,200,0.819231996988,1,10,0.0374,0.819231996988
20600,-98.0010240005632,200,0.7595733297696,1,10,0.1068,0.7595733297696
20800,-97.65641929897154,200,0.8186679967199999,1,11,0.2737,0.8186679967199999
21000,-102.45502378111097,200,0.8536319966233599,1,14,0.2106,0.8536319966233599
21200,-89.62579468911915,200,0.947012569721943,1,14,0.1342,0.947012569721943
21400,-97.65795529991874,200,0.8182839964832,1,11,0.295,0.8182839964832
21600,-87.39064970937947,200,0.95406499871865,1,13,0.0196,0.95406499871865
21800,-96.96072651087698,200,0.8783173307450668,1,13,0.2296,0.8783173307450668
22000,-99.0020480012288,200,0.6388479943216,1,10,0.2175,0.6388479943216
22200,-99.51240984646051,200,0.85433919708912,1,13,0.2865,0.85433919708912
22400,-97.16205647550028,200,0.9318618157333816,1,19,0.2484,0.9318618157333816
22600,-96.6574708635492,200,0.85452479715024,1,11,0.1215,0.85452479715024
22800,-86.62286774291323,200,0.9564084691688,1,14,0.0363,0.9564084691688
23000,-96.0020480011264,200,0.8555391977491199,1,10,0.2005,0.8555391977491199
23200,-148.87712288709088,200,0.9167875518226664,1,21,0.2685,0.9167875518226664
23400,-180.67123687838853,200,0.931885088506909,1,19,0.0555,0.931885088506909
23600,-98.0025600015104,200,0.7590613294538665,1,10,0.1114,0.7590613294538665
23800,-97.4118132786962,200,0.9425415365388924,1,19,0.2048,0.9425415365388924
24000,-95.65576878966658,200,0.8790266644706667,1,11,0.2783,0.8790266644706667
24200,-100.0,200,0.279743989872,1,10,0.2635,0.279743989872
24400,-99.0005120002816,200,0.6396159947952,1,10,0.122,0.6396159947952
24600,-97.0043520025856,200,0.8188479968216,1,10,0.1441,0.8188479968216
24800,-100.73472200682168,200,0.6368479931216,1,12,0.2584,0.6368479931216
25000,-101.46457284852714,200,0.7564799947050668,1,14,0.1982,0.7564799947050668
25200,-98.82066800567888,200,0.8950194257505143,1,15,0.2934,0.8950194257505143
25400,-89.79621698074209,200,0.9762220589164364,1,28,0.2233,0.9762220589164364
25600,-100.0,200,0.279743989872,1,10,0.2022,0.279743989872
25800,-91.31824216633514,200,0.9330181799040728,1,12,0.0778,0.9330181799040728
26000,-93.04366888722669,200,0.9330734525805816,1,14,0.1913,0.9330734525805816
26200,-96.89902411823596,200,0.92605759794504,1,16,0.1796,0.92605759794504
26400,-100.0,200,0.279743989872,1,10,0.2885,0.279743989872
26600,-94.38955358720874,200,0.9185084424916444,1,13,0.1836,0.9185084424916444
26800,-110.33887339094964,200,0.92603199795968,1,16,0.0272,0.92603199795968
27000,-99.0020480012288,200,0.6388479943216,1,10,0.0482,0.6388479943216
27200,-99.65286286081,200,0.6386159942452,1,11,0.2015,0.6386159942452
27400,-97.8479846529914,200,0.9378519978214666,1,17,0.2896,0.9378519978214666
27600,-96.0035840020736,200,0.85523199755968,1,10,0.147,0.85523199755968
27800,-98.6549108620388,200,0.7583946624205332,1,11,0.16,0.7583946624205332
28000,-94.58957391036364,200,0.9529689981442,1,21,0.226,0.9529689981442
28200,-84.09501777805946,200,0.9669648679077566,1,18,0.1547,0.9669648679077566
28400,-81.70805175878735,200,0.9673815638201736,1,15,0.0471,0.9673815638201736
28600,-93.39006558749034,200,0.92660639821432,1,13,0.1438,0.92660639821432
28800,-99.0005120002816,200,0.6396159947952,1,10,0.1509,0.6396159947952
29000,-84.66489486821463,200,0.9567764694805176,1,11,0.0358,0.9567764694805176
29200,-95.6564468631652,200,0.8789413310225332,1,11,0.0909,0.8789413310225332
29400,-92.00860234702856,200,0.9465657121408572,1,17,0.1249,0.9465657121408572
29600,-100.0,200,0.279743989872,1,10,0.2417,0.279743989872
29800,-87.70802419347717,200,0.9559294099106352,1,15,0.2958,0.9559294099106352
30000,-99.0020480012288,200,0.6388479943216,1,10,0.1098,0.6388479943216
30200,-98.31030616044714,200,0.8177839962082001,1,12,0.052,0.8177839962082001
30400,-97.65641929897154,200,0.8186679967199999,1,11,0.0843,0.8186679967199999
30600,-99.0005120002816,200,0.6396159947952,1,10,0.2079,0.6396159947952
30800,-96.0035840020736,200,0.8552319975596798,1,10,0.2469,0.8552319975596798
31000,-85.3139177279936,200,0.9568545871020704,1,12,0.1613,0.9568545871020704
31200,-99.65286286081,200,0.6386159942452,1,11,0.1365,0.6386159942452
31400,-99.0020480012288,200,0.6388479943216,1,10,0.1014,0.6388479943216
31600,-97.0015360011264,200,0.8195519971864,1,10,0.1001,0.8195519971864
31800,-110.41946704985524,200,0.9171235528524444,1,20,0.0844,0.9171235528524444
32000,-90.76638150582856,200,0.9587502209586664,1,16,0.0676,0.9587502209586664
32200,-98.73157072337794,200,0.8185519967068,1,12,0.1107,0.8185519967068
32400,-96.71805100477744,200,0.94983359791744,1,21,0.2425,0.94983359791744
32600,-87.0186880123136,200,0.9471999983146284,1,10,0.0126,0.9471999983146284
32800,-85.6689908716636,200,0.9538189986023,1,11,0.0407,0.9538189986023
33000,-95.96672545941868,200,0.8951519974058286,1,13,0.2235,0.8951519974058286
33200,-96.0048640028672,200,0.8549759971552,1,10,0.1322,0.8549759971552
33400,-94.6582388639588,200,0.8959794264773714,1,11,0.1021,0.8959794264773714
33600,-85.43424647694341,200,0.9642674270681524,1,17,0.2308,0.9642674270681524
33800,-98.0010240005632,200,0.7595733297696,1,10,0.0031,0.7595733297696
34000,-99.0005120002816,200,0.6396159947952,1,10,0.2986,0.6396159947952
34200,-83.04991257456133,200,0.964577522467581,1,14,0.0318,0.964577522467581
34400,-85.31852573237548,200,0.9565835280315294,1,12,0.0345,0.9565835280315294
34600,-96.65846730020034,200,0.85452479713024,1,11,0.0599,0.85452479713024
34800,-64.50077464650315,200,0.9825041762621156,1,21,0.1303,0.9825041762621156
35000,-99.0005120002816,200,0.6396159947952,1,10,0.2124,0.6396159947952
35200,-94.0046080038656,200,0.8964479980009142,1,10,0.1073,0.8964479980009142
35400,-95.38750558764316,200,0.9085779977488,1,13,0.1132,0.9085779977488
35600,-97.3913973062028,200,0.8780613304736001,1,13,0.2098,0.8780613304736001
35800,-92.0102400060416,200,0.9188337759811556,1,10,0.1136,0.9188337759811556
36000,-91.31135772482,200,0.9335534530826184,1,12,0.2323,0.9335534530826184
36200,-92.89940343282194,200,0.9472205699521145,1,16,0.0743,0.9472205699521145
36400,-127.59960766390476,200,0.8769413299694667,1,17,0.1042,0.8769413299694667
36600,-91.3128937257672,200,0.9334138166328728,1,12,0.2598,0.9334138166328728
36800,-99.51929372646212,200,0.8540319968396799,1,13,0.2894,0.8540319968396799
37000,-98.0025600015104,200,0.7590613294538665,1,10,0.2285,0.7590613294538665
37200,-94.655422862218,200,0.8963817124403428,1,11,0.1434,0.8963817124403428
37400,-96.12212074734022,200,0.9178933310197332,1,15,0.269,0.9178933310197332
37600,-93.3100777241032,200,0.918929776069511,1,12,0.2807,0.918929776069511
37800,-99.65286286081,200,0.6386159942452,1,11,0.1841,0.6386159942452
38000,-94.658494864394,200,0.8959428549866286,1,11,0.2312,0.8959428549866286
38200,-77.51352290345724,200,0.9849011405017144,1,40,0.2832,0.9849011405017144
38400,-100.0,200,0.279743989872,1,10,0.1002,0.279743989872
38600,-100.0,200,0.279743989872,1,10,0.2426,0.279743989872
38800,-91.04469288564268,200,0.9432910753823384,1,14,0.0752,0.9432910753823384
39000,-86.3118697251016,200,0.9542859989767,1,12,0.0206,0.9542859989767
39200,-82.90861944027762,200,0.9688279987323668,1,16,0.064,0.9688279987323668
39400,-96.0020480011264,200,0.8555391977491199,1,10,0.1856,0.8555391977491199
39600,-85.2786503139572,200,0.9606762091082526,1,15,0.0847,0.9606762091082526
39800,-99.3857581403954,200,0.8177319962584,1,13,0.2502,0.8177319962584
40000,-95.15820931342888,200,0.9424036901171692,1,19,0.2613,0.9424036901171692
40200,-82.44402619624867,200,0.9684779986378332,1,17,0.1777,0.9684779986378332
40400,-89.27680318595067,200,0.9504458649443732,1,15,0.2662,0.9504458649443732
40600,-96.02519120815928,200,0.9553797627777412,1,23,0.1479,0.9553797627777412
40800,-98.6533748610916,200,0.7589066622757333,1,11,0.1415,0.7589066622757333
41000,-100.0,200,0.279743989872,1,10,0.1494,0.279743989872
41200,-96.3103337243592,200,0.8783519973949333,1,12,0.2006,0.8783519973949333
41400,-95.7361787268826,200,0.8956571405437714,1,12,0.1025,0.8956571405437714
41600,-96.6543988616548,200,0.8551391975291199,1,11,0.0004,0.8551391975291199
41800,-75.43806571293867,200,0.9798621522903996,1,24,0.1309,0.9798621522903996
42000,-95.66205130237634,200,0.8781733305792,1,11,0.0966,0.8781733305792
42200,-91.66256330378434,200,0.92685279820672,1,11,0.0883,0.92685279820672
42400,-87.6968598673882,200,0.9565016456998588,1,15,0.1948,0.9565016456998588
42600,-82.0660475495041,200,0.9825002654398576,1,28,0.1164,0.9825002654398576
42800,-81.4444974004428,200,0.9719460726270222,1,19,0.1387,0.9719460726270222
43000,-96.0020480011264,200,0.8555391977491199,1,10,0.2131,0.8555391977491199
43200,-92.6595188649572,200,0.9189528871492444,1,11,0.0772,0.9189528871492444
43400,-99.0005120002816,200,0.6396159947952,1,10,0.1294,0.6396159947952
43600,-99.0005120002816,200,0.6396159947952,1,10,0.0428,0.6396159947952
43800,-92.94498616534452,200,0.968952958003168,1,29,0.2917,0.968952958003168
44000,-87.70815860199886,200,0.955959527608894,1,15,0.2651,0.955959527608894
44200,-98.0010240005632,200,0.7595733297696,1,10,0.055,0.7595733297696
44400,-92.0056320032,200,0.9193457762968889,1,10,0.0491,0.9193457762968889
44600,-88.32592216973994,200,0.9468228553079427,1,12,0.0327,0.9468228553079427
44800,-86.74566656818898,200,0.9637965696217904,1,19,0.0901,0.9637965696217904
45000,-81.974716595126,200,0.9645752368110097,1,13,0.0366,0.9645752368110097
45200,-100.0,200,0.279743989872,1,10,0.2404,0.279743989872
45400,-100.0,200,0.279743989872,1,10,0.0081,0.279743989872
45600,-129.8045325355513,200,0.9310734516576,1,25,0.2964,0.9310734516576
45800,-83.97548459551079,200,0.9608058932971788,1,13,0.1209,0.9608058932971788
46000,-95.65718729938114,200,0.8789839977450667,1,11,0.1138,0.8789839977450667
46200,-100.38340958362474,200,0.7575733286696001,1,13,0.2695,0.7575733286696001
46400,-99.0020480012288,200,0.6388479943216,1,10,0.0479,0.6388479943216
46600,-112.5543076996766,200,0.9724131413168856,1,27,0.1336,0.9724131413168856
46800,-99.0005120002816,200,0.6396159947952,1,10,0.2693,0.6396159947952
47000,-140.98529183906447,200,0.968069117538016,1,38,0.2637,0.968069117538016
47200,-94.31400765375338,200,0.9082839977707,1,12,0.105,0.9082839977707
47400,-99.65244078774658,200,0.638743994372,1,11,0.1208,0.638743994372
47600,-92.68015453021164,200,0.96227519828172,1,22,0.0765,0.96227519828172
47800,-98.96069894696492,200,0.8177319962334,1,13,0.1358,0.8177319962334
48000,-96.00332800192,200,0.8552831975904001,1,10,0.1119,0.8552831975904001
48200,-101.81756261733574,200,0.8167959951896,1,15,0.2264,0.8167959951896
48400,-90.9639645854764,200,0.9389026652234,1,13,0.2856,0.9389026652234
48600,-99.0005120002816,200,0.6396159947952,1,10,0.2332,0.6396159947952
48800,-100.0,200,0.279743989872,1,10,0.1516,0.279743989872
49000,-76.48507843869879,200,0.9750026657037332,1,16,0.2118,0.9750026657037332
49200,-80.6687348717412,200,0.9648266655846476,1,11,0.0985,0.9648266655846476
49400,-99.75945982749724,200,0.9180693312088,1,16,0.1886,0.9180693312088
49600,-83.77859517587588,200,0.9660872715236,1,16,0.161,0.9660872715236
49800,-93.73720272819074,200,0.9187306646682666,1,12,0.2838,0.9187306646682666
50000,-100.0,200,0.279743989872,1,10,0.229,0.279743989872
50200,-107.17709579980897,200,0.9666497374368694,1,27,0.0145,0.9666497374368694
50400,-83.38962455151352,200,0.96976511861312,1,20,0.2277,0.96976511861312
50600,-89.78413111043105,200,0.960503577443621,1,16,0.0932,0.960503577443621
50800,-102.08397846593871,200,0.9790352419231132,1,23,0.0297,0.9790352419231132
51000,-98.3058156488382,200,0.8186159967702,1,12,0.2341,0.8186159967702
51200,-119.94064218463193,200,0.957759109010622,1,23,0.1588,0.957759109010622
51400,-143.29544678255175,200,0.9518389975114,1,23,0.2817,0.9518389975114
51600,-98.0040960024576,200,0.7585493291381334,1,10,0.0999,0.7585493291381334
51800,-97.0061440036864,200,0.8183999965463999,1,10,0.0201,0.8183999965463999
52000,-98.0025600015104,200,0.7590613290442666,1,10,0.2846,0.7590613290442666
52200,-104.49714066956584,200,0.9777170270656914,1,26,0.1599,0.9777170270656914
52400,-98.55116615037244,200,0.9177048861226664,1,17,0.2341,0.9177048861226664
52600,-96.6543988616548,200,0.8551391974727999,1,11,0.1221,0.8551391974727999
52800,-118.72565495346105,200,0.964695997798509,1,29,0.206,0.964695997798509
53000,-88.80328729118715,200,0.9735486881871174,1,21,0.1837,0.9735486881871174
53200,-76.05726446005421,200,0.9731862846139429,1,14,0.0212,0.9731862846139429
53400,-104.95766614750634,200,0.9581066650373776,1,20,0.0861,0.9581066650373776
53600,-86.79168828542197,200,0.965063270886618,1,16,0.0184,0.965063270886618
53800,-100.0,200,0.279743989872,1,10,0.0947,0.279743989872
54000,-99.0005120002816,200,0.6396159947952,1,10,0.2001,0.6396159947952
54200,-47.87303872239797,200,0.9872197621019058,1,30,0.1983,0.9872197621019058
54400,-52.39271067103107,200,0.983794558216,1,12,0.0026,0.983794558216
54600,-95.76307918850128,200,0.9596235766315367,1,25,0.2304,0.9596235766315367
54800,-84.97824546858027,200,0.9585857762599554,1,13,0.1932,0.9585857762599554
55000,-74.88100656252743,200,0.9775057753571554,1,22,0.223,0.9775057753571554
55200,-94.31770260091268,200,0.9080919974612,1,12,0.0203,0.9080919974612
55400,-96.7866346142744,200,0.9170168859936,1,16,0.0944,0.9170168859936
55600,-96.006656003968,200,0.8546175971807999,1,10,0.0266,0.8546175971807999
55800,-98.0040960024576,200,0.7585493291381334,1,10,0.0539,0.7585493291381334
56000,-84.40701713255723,200,0.9718468549614286,1,22,0.2451,0.9718468549614286
56200,-101.51177453240962,200,0.7571466618384001,1,13,0.2301,0.7571466618384001
56400,-96.77120827067635,200,0.9376559978542666,1,16,0.2933,0.9376559978542666
56600,-95.62266032212308,200,0.9075599973206,1,14,0.1115,0.9075599973206
56800,-98.0040960024576,200,0.7585493291381334,1,10,0.0789,0.7585493291381334
57000,-90.71680747673634,200,0.9460468547490856,1,15,0.2921,0.9460468547490856
57200,-96.00332800192,200,0.8552831975904001,1,10,0.0965,0.8552831975904001
57400,-96.0081920049152,200,0.85431039699136,1,10,0.0382,0.85431039699136
57600,-84.36659833634582,200,0.9640579031661336,1,16,0.1811,0.9640579031661336
57800,-96.00332800192,200,0.8552831975903998,1,10,0.1821,0.8552831975903998
58000,-100.0,200,0.279743989872,1,10,0.067,0.279743989872
58200,-99.0005120002816,200,0.6396159947952,1,10,0.0996,0.6396159947952
58400,-94.0046080029184,200,0.8964479981362284,1,10,0.2488,0.8964479981362284
58600,-98.6544887889754,200,0.7584799958384,1,11,0.2563,0.7584799958384
58800,-88.94933107121689,200,0.9807002769121488,1,30,0.2242,0.9807002769121488
59000,-78.00444742103099,200,0.96912703796384,1,13,0.1516,0.96912703796384
59200,-87.40908888168607,200,0.95310499809865,1,13,0.0828,0.95310499809865
59400,-98.73285072417154,200,0.8182319965084,1,12,0.2555,0.8182319965084
59600,-98.0010240005632,200,0.7595733297696,1,10,0.2726,0.7595733297696
59800,-81.68457932055588,200,0.9623255983046398,1,11,0.0915,0.9623255983046398
60000,-100.80046305020628,200,0.9697765897374224,1,36,0.347,0.9697765897374224
60200,-116.25036198582887,200,0.9533872909308236,1,32,0.5001,0.9533872909308236
60400,-103.99805665117216,200,0.973770836297471,1,33,0.2762,0.973770836297471
60600,-98.96825795731118,200,0.9521309974872,1,19,0.2351,0.9521309974872
60800,-95.74496201630588,200,0.8947794253773713,1,12,0.517,0.8947794253773713
61000,-99.0005120002816,200,0.6396159947952,1,10,0.4304,0.6396159947952
61200,-93.53618973667652,200,0.932114906725818,1,13,0.1653,0.932114906725818
61400,-137.3479622160183,200,0.966821116237056,1,44,0.471,0.966821116237056
61600,-100.0,200,0.279743989872,1,10,0.2654,0.279743989872
61800,-92.009984006016,200,0.9188622204284445,1,10,0.1978,0.9188622204284445
62000,-114.4882643181619,200,0.9522609977564,1,25,0.3249,0.9522609977564
62200,-92.57046646361006,200,0.9496671975632,1,17,0.2757,0.9496671975632
62400,-56.84364858785096,200,0.9847392573406518,1,23,0.0994,0.9847392573406518
62600,-72.4267253329036,200,0.975259353375174,1,13,0.0887,0.975259353375174
62800,-99.0020480012288,200,0.6388479943216,1,10,0.3834,0.6388479943216
63000,-99.7967822188878,200,0.9061759964588,1,18,0.2577,0.9061759964588
63200,-96.31693460293188,200,0.8775839964832,1,12,0.369,0.8775839964832
63400,-98.0040960024576,200,0.7585493291381334,1,10,0.2196,0.7585493291381334
63600,-96.31693460050307,200,0.877583996888,1,12,0.1278,0.877583996888
63800,-98.0040960024576,200,0.7585493291381334,1,10,0.2158,0.7585493291381334
64000,-94.62670120065856,200,0.9176035527452444,1,14,0.388,0.9176035527452444
64200,-100.0,200,0.279743989872,1,10,0.1066,0.279743989872
64400,-93.659006864394,200,0.9088859981133,1,11,0.0517,0.9088859981133
64600,-96.0081920049152,200,0.85431039699136,1,10,0.1285,0.85431039699136
64800,-154.3969617467831,200,0.9827877772801308,1,77,0.4603,0.9827877772801308
65000,-99.0020480012288,200,0.6388479943216,1,10,0.2744,0.6388479943216
65200,-107.3575582876138,200,0.9063419966898,1,19,0.2601,0.9063419966898
65400,-123.49651522412832,200,0.9557662190344444,1,33,0.3729,0.9557662190344444
65600,-209.37723468079025,200,0.9434788534050286,1,34,0.5065,0.9434788534050286
65800,-91.0107520063232,200,0.92689919835488,1,10,0.1542,0.92689919835488
66000,-99.17126583327556,200,0.8772159967714667,1,14,0.3151,0.8772159967714667
66200,-124.18609069977416,200,0.84972479441024,1,23,0.54,0.84972479441024
66400,-77.70000688065035,200,0.9729081359716136,1,18,0.1908,0.9729081359716136
66600,-100.0,200,0.279743989872,1,10,0.5954,0.279743989872
66800,-98.04412165783584,200,0.8774719968793333,1,14,0.2076,0.8774719968793333
67000,-98.65744329963714,200,0.7578826620714668,1,11,0.5215,0.7578826620714668
67200,-95.010240006144,200,0.8782506639546667,1,10,0.051,0.8782506639546667
67400,-105.28493430779292,200,0.9165439968765332,1,18,0.3944,0.9165439968765332
67600,-83.73034792334587,200,0.9634339026870858,1,15,0.1233,0.9634339026870858
67800,-100.0,200,0.279743989872,1,10,0.1137,0.279743989872
68000,-85.2454643367829,200,0.979827900028956,1,41,0.3803,0.979827900028956
68200,-97.0061440036864,200,0.8183999965463999,1,10,0.0357,0.8183999965463999
68400,-100.0,200,0.279743989872,1,10,0.5138,0.279743989872
68600,-98.65590729868994,200,0.7583946623871999,1,11,0.0708,0.7583946623871999
68800,-111.48881397581162,200,0.9627789055705454,1,41,0.4442,0.9627789055705454
69000,-100.0,200,0.279743989872,1,10,0.432,0.279743989872
69200,-126.53507127109714,200,0.962971426384,1,26,0.3054,0.962971426384
69400,-79.97224652153514,200,0.9677558249642436,1,13,0.0854,0.9677558249642436
69600,-99.3187484126191,200,0.9431569214710768,1,15,0.0034,0.9431569214710768
69800,-96.0020480011264,200,0.8555391977491199,1,10,0.2734,0.8555391977491199
70000,-83.48495512684602,200,0.967361389906678,1,16,0.0042,0.967361389906678
70200,-102.41006583313724,200,0.906917997045,1,19,0.572,0.906917997045
70400,-98.6533748610916,200,0.7589066627362667,1,11,0.3911,0.7589066627362667
70600,-102.51087384561572,200,0.6364879925683999,1,13,0.5497,0.6364879925683999
70800,-78.31896363714796,200,0.9738366883635586,1,19,0.1858,0.9738366883635586
71000,-100.38340958362474,200,0.7575733286696001,1,13,0.4272,0.7575733286696001
71200,-82.64144698219992,200,0.9810288353750884,1,31,0.2942,0.9810288353750884
71400,-38.71202487499905,200,0.989107322784114,1,27,0.0311,0.989107322784114
71600,-99.65286286081,200,0.6386159942452,1,11,0.0003,0.6386159942452
71800,-131.25979691905405,200,0.9478762635375464,1,28,0.5746,0.9478762635375464
72000,-95.14566257551915,200,0.9716417122353144,1,25,0.1404,0.9716417122353144
72200,-83.6700148748132,200,0.9588933319159554,1,11,0.0095,0.9588933319159554
72400,-94.65795529981634,200,0.8961622837193143,1,11,0.1627,0.8961622837193143
72600,-97.31231992126844,200,0.9579013312878222,1,23,0.289,0.9579013312878222
72800,-91.27831162102127,200,0.9427827673714462,1,15,0.3114,0.9427827673714462
73000,-121.96198341341972,200,0.9148177734236445,1,25,0.5122,0.9148177734236445
73200,-100.0,200,0.279743989872,1,10,0.3952,0.279743989872
73400,-111.75888581736582,200,0.9309105420838544,1,25,0.5757,0.9309105420838544
73600,-93.0573161758704,200,0.9320727247820362,1,14,0.1735,0.9320727247820362
73800,-96.360157626341,200,0.9415926123473846,1,18,0.4678,0.9415926123473846
74000,-99.04043081019846,200,0.8533759965209601,1,14,0.1622,0.8533759965209601
74200,-73.95344881081624,200,0.9787919981633052,1,23,0.2658,0.9787919981633052
74400,-94.0107520064256,200,0.8955702833494857,1,10,0.0241,0.8955702833494857
74600,-92.63386920303208,200,0.9319330883232,1,14,0.2068,0.9319330883232
74800,-97.31193208861252,200,0.85386879677152,1,12,0.0637,0.85386879677152
75000,-100.0,200,0.279743989872,1,10,0.1201,0.279743989872
75200,-100.0,200,0.279743989872,1,10,0.0585,0.279743989872
75400,-95.73062059401572,200,0.9458411401862856,1,19,0.4432,0.9458411401862856
75600,-96.006656003968,200,0.8546175971807999,1,10,0.0809,0.8546175971807999
75800,-97.77802804613256,200,0.9070599970456,1,16,0.4443,0.9070599970456
76000,-85.27685831539027,200,0.9607705248048,1,15,0.0579,0.9607705248048
76200,-87.31605565505899,200,0.9509482653906668,1,12,0.0406,0.9509482653906668
76400,-89.66771606527584,200,0.9555764684126588,1,18,0.1182,0.9555764684126588
76600,-100.68265167917288,200,0.9070339970957,1,17,0.3987,0.9070339970957
76800,-138.93263691691436,200,0.94689812886832,1,37,0.5812,0.94689812886832
77000,-113.56677695669268,200,0.9449805677658284,1,24,0.4699,0.9449805677658284
77200,-99.0020480012288,200,0.6388479943216,1,10,0.4967,0.6388479943216
77400,-94.74368201214646,200,0.9080919974612,1,12,0.036,0.9080919974612
77600,-85.03630209070201,200,0.9632312354921904,1,17,0.3868,0.9632312354921904
77800,-148.30804769454818,200,0.97847399678008,1,53,0.4421,0.97847399678008
78000,-88.13151373205966,200,0.9607890512690104,1,17,0.1473,0.9607890512690104
78200,-88.77296317119188,200,0.9564442340119528,1,16,0.4196,0.9564442340119528
78400,-97.003072001792,200,0.8191679970200001,1,10,0.1013,0.8191679970200001
78600,-89.68552581281443,200,0.954763291583812,1,18,0.1894,0.954763291583812
78800,-95.6606327926618,200,0.8782159973048,1,11,0.1837,0.8782159973048
79000,-50.57204833178376,200,0.9863834968953752,1,28,0.2109,0.9863834968953752
79200,-93.74393801227448,200,0.9182755534211556,1,12,0.1533,0.9182755534211556
79400,-106.13671718743016,200,0.9448559966168572,1,25,0.4334,0.9448559966168572
79600,-98.42486448615448,200,0.9669046642632332,1,25,0.4022,0.9669046642632332
79800,-95.31337816223912,200,0.8954377118629715,1,12,0.3514,0.8954377118629715
80000,-112.2904315794627,200,0.8930194247790856,1,22,0.4874,0.8930194247790856
80200,-153.47441590311388,200,0.9586719937764,1,46,0.5597,0.9586719937764
80400,-82.65434921698055,200,0.9633706644929524,1,14,0.1979,0.9633706644929524
80600,-110.70140594860908,200,0.9699662188936294,1,36,0.4212,0.9699662188936294
80800,-93.63182119977736,200,0.92533119740128,1,14,0.4549,0.92533119740128
81000,-90.0546768975301,200,0.946628569038343,1,14,0.1647,0.946628569038343
81200,-96.76886716837588,200,0.9181831090021332,1,16,0.3781,0.9181831090021332
81400,-109.96595170606103,200,0.7550613272205333,1,16,0.532,0.7550613272205333
81600,-103.13115003045344,200,0.9447611398603428,1,24,0.4054,0.9447611398603428
81800,-92.97594146499948,200,0.925684797626,1,13,0.0443,0.925684797626
82000,-92.34655576670764,200,0.968591357927392,1,22,0.314,0.968591357927392
82200,-102.09753416842716,200,0.983734733444379,1,63,0.4519,0.983734733444379
82400,-102.81219486683656,200,0.9839857426526836,1,47,0.3395,0.9839857426526836
82600,-99.0005120002816,200,0.6396159947952,1,10,0.1039,0.6396159947952
82800,-145.4024088978674,200,0.983491926081965,1,68,0.5018,0.983491926081965
83000,-97.0061440036864,200,0.8183999965463999,1,10,0.2857,0.8183999965463999
83200,-98.0040960024576,200,0.7585493291381334,1,10,0.5401,0.7585493291381334
83400,-80.688446883338,200,0.9638879983657522,1,11,0.0534,0.9638879983657522
83600,-102.10635064069216,200,0.8778639971606667,1,15,0.1655,0.8778639971606667
83800,-68.04154884728766,200,0.9818531536639288,1,24,0.1242,0.9818531536639288
84000,-99.2248096313504,200,0.9163733300490668,1,18,0.2633,0.9163733300490668
84200,-59.646024204155566,200,0.9824128677220696,1,17,0.0273,0.9824128677220696
84400,-108.62086256809982,200,0.85212479581024,1,17,0.5527,0.85212479581024
84600,-108.33029273657004,200,0.81666799552,1,15,0.4411,0.81666799552
84800,-95.73702600835767,200,0.8959131406724571,1,12,0.4979,0.8959131406724571
85000,-99.0005120002816,200,0.6396159947952,1,10,0.4104,0.6396159947952
85200,-97.73208272365954,200,0.85473919730912,1,12,0.4648,0.85473919730912
85400,-135.28702673784574,200,0.9445371395105716,1,28,0.5434,0.9445371395105716
85600,-76.13416561220885,200,0.9834701512971076,1,36,0.2259,0.9834701512971076
85800,-97.65949130086594,200,0.8178999962464,1,11,0.4973,0.8178999962464
86000,-101.9073905944778,200,0.8522175957608,1,16,0.3056,0.8522175957608
86200,-140.3890593405966,200,0.9294894507029816,1,30,0.5864,0.9294894507029816
86400,-97.98992255581878,200,0.92506399706032,1,17,0.3349,0.92506399706032
86600,-136.9355944218632,200,0.981818236699056,1,60,0.5068,0.981818236699056
86800,-102.9055886611991,200,0.941131073972677,1,21,0.3498,0.941131073972677
87000,-100.0,200,0.279743989872,1,10,0.2994,0.279743989872
87200,-98.0040960024576,200,0.7585493291381334,1,10,0.2824,0.7585493291381334
87400,-99.47975293590711,200,0.9412689200496616,1,21,0.3241,0.9412689200496616
87600,-100.0,200,0.279743989872,1,10,0.514,0.279743989872
87800,-87.0232960139264,200,0.9468891410512,1,10,0.0119,0.9468891410512
88000,-95.96826146083016,200,0.8949325686588571,1,13,0.397,0.8949325686588571
88200,-131.54927199964092,200,0.9746108199442354,1,50,0.5427,0.9746108199442354
88400,-95.70435339519932,200,0.9174382194682668,1,15,0.4196,0.9174382194682668
88600,-101.4864024124124,200,0.974002578114142,1,28,0.2475,0.974002578114142
88800,-96.66153930209474,200,0.85391039675136,1,11,0.2927,0.85391039675136
89000,-99.73677000805048,200,0.7572159950048,1,12,0.1936,0.7572159950048
89200,-130.51471081407792,200,0.9763604412238224,1,43,0.3673,0.9763604412238224
89400,-99.65539529840834,200,0.6378479937216,1,11,0.2947,0.6378479937216
89600,-130.50424381210237,200,0.9153813289642666,1,24,0.5559,0.9153813289642666
89800,-94.66384330345154,200,0.8953211401673142,1,11,0.066,0.8953211401673142
90000,-77.55406692680751,200,0.9753789981928,1,20,0.1335,0.9753789981928
90200,-93.3874729837338,200,0.9728213305230664,1,34,0.4498,0.9728213305230664
90400,-98.6533748610916,200,0.7589066627362667,1,11,0.0404,0.7589066627362667
90600,-137.8172336687771,200,0.9729384806486622,1,31,0.3409,0.9729384806486622
90800,-90.97082146343708,200,0.9384973314852,1,13,0.2997,0.9384973314852
91000,-118.76190392347485,200,0.963223996474182,1,37,0.5155,0.963223996474182
91200,-93.32977459239108,200,0.9454937116549714,1,19,0.3109,0.9454937116549714
91400,-76.9653960601876,200,0.976559513534303,1,20,0.1395,0.976559513534303
91600,-80.34788824663177,200,0.9710358498801184,1,19,0.2968,0.9710358498801184
91800,-91.8912129476196,200,0.9548414090307764,1,19,0.4342,0.9548414090307764
92000,-92.74385873075074,200,0.92619199782256,1,12,0.1789,0.92619199782256
92200,-82.34074261796582,200,0.96208479823312,1,12,0.1854,0.96208479823312
92400,-95.13043021552508,200,0.971118283181257,1,29,0.1966,0.971118283181257
92600,-96.27516347317578,200,0.907373997234,1,15,0.4299,0.907373997234
92800,-86.72050896881379,200,0.9577662203487556,1,15,0.1613,0.9577662203487556
93000,-100.0,200,0.279743989872,1,10,0.1343,0.279743989872
93200,-88.92050612028066,200,0.9671846643426668,1,21,0.1755,0.9671846643426668
93400,-99.56138313850556,200,0.9066499966678,1,17,0.423,0.9066499966678
93600,-75.70147533337794,200,0.9703698443259076,1,11,0.135,0.9703698443259076
93800,-98.6526967878746,200,0.7590773295386667,1,11,0.3982,0.7590773295386667
94000,-109.06650823761008,200,0.9804666021621397,1,50,0.4237,0.9804666021621397
94200,-146.39282761412977,200,0.9804605921300256,1,75,0.5852,0.9804605921300256
94400,-100.82806388606446,200,0.8526175960008,1,15,0.1925,0.8526175960008
94600,-96.39116886970528,200,0.8953714261125715,1,13,0.2321,0.8953714261125715
94800,-112.28065622993316,200,0.96006159659972,1,33,0.5313,0.96006159659972
95000,-106.61620048574468,200,0.85233919598912,1,18,0.4456,0.85233919598912
95200,-97.0015360008448,200,0.8195519972568,1,10,0.078,0.8195519972568
95400,-100.0,200,0.279743989872,1,10,0.526,0.279743989872
95600,-115.64612945917276,200,0.8766079964361334,1,18,0.4606,0.8766079964361334
95800,-206.26001720159047,200,0.975571291226306,1,53,0.5417,0.975571291226306
96000,-92.0071680041472,200,0.9191751095249776,1,10,0.0054,0.9191751095249776
96200,-99.65539529840834,200,0.6378479937216,1,11,0.5458,0.6378479937216
96400,-135.35943212058623,200,0.9774112786758156,1,54,0.3609,0.9774112786758156
96600,-92.0133120103936,200,0.9184924418912002,1,10,0.0367,0.9184924418912002
96800,-100.0,200,0.279743989872,1,10,0.5092,0.279743989872
97000,-99.0005120002816,200,0.6394879942184,1,10,0.2631,0.6394879942184
97200,-87.6695028726108,200,0.9471851411921142,1,11,0.1374,0.9471851411921142
97400,-99.3857581403954,200,0.8177319962584,1,13,0.142,0.8177319962584
97600,-47.10387233535051,200,0.9868100630878324,1,21,0.0006,0.9868100630878324
97800,-100.0,200,0.279743989872,1,10,0.5833,0.279743989872
98000,-39.74378398055264,200,0.9892318091187956,1,32,0.1093,0.9892318091187956
98200,-95.96979746131308,200,0.8947131399923428,1,13,0.4778,0.8947131399923428
98400,-142.59117041278574,200,0.9611039961185144,1,41,0.5454,0.9611039961185144
98600,-84.620760073354,200,0.9782252277080205,1,38,0.4212,0.9782252277080205
98800,-80.86263881707752,200,0.9716971405073428,1,20,0.3115,0.9716971405073428
99000,-98.30669635876608,200,0.931163632988509,1,19,0.5169,0.931163632988509
99200,-100.0,200,0.279743989872,1,10,0.0307,0.279743989872
99400,-93.47002818848944,200,0.9465371409885712,1,14,0.0771,0.9465371409885712
99600,-101.2517045697804,200,0.85266879609152,1,15,0.3794,0.85266879609152
99800,-89.37245877852743,200,0.95252199766885,1,16,0.3109,0.95252199766885
100000,-76.62449261806697,200,0.9728799978163308,1,17,0.1642,0.9728799978163308
100200,-102.84632148550185,200,0.8936068537142858,1,17,0.5514,0.8936068537142858
100400,-86.73564642159198,200,0.9657488670999652,1,22,0.1723,0.9657488670999652
100600,-93.22818009985085,200,0.9567777749605776,1,23,0.4571,0.9567777749605776
100800,-143.63401746662387,200,0.980315996642291,1,49,0.5613,0.980315996642291
101000,-74.48807579271656,200,0.9792220527599136,1,23,0.19,0.9792220527599136
101200,-93.0035840019712,200,0.9094879983434,1,10,0.2596,0.9094879983434
101400,-95.49469562726792,200,0.9317090881911272,1,16,0.2781,0.9317090881911272
101600,-96.0048640028672,200,0.8549759971552,1,10,0.1916,0.8549759971552
101800,-110.3617482332473,200,0.9149884400733332,1,25,0.5326,0.9149884400733332
102000,-146.28231662617316,200,0.944779425612114,1,24,0.3826,0.944779425612114
102200,-97.0061440036864,200,0.8183999965463999,1,10,0.389,0.8183999965463999
102400,-121.87186713122082,200,0.9797290871753092,1,55,0.4863,0.9797290871753092
102600,-99.0020480012288,200,0.6388479943216,1,10,0.5148,0.6388479943216
102800,-68.9851629698176,200,0.9777964423672448,1,16,0.1627,0.9777964423672448
103000,-98.0040960024576,200,0.7585493291381334,1,10,0.0149,0.7585493291381334
103200,-99.0020480012288,200,0.6388479943216,1,10,0.4459,0.6388479943216
103400,-65.99204740717764,200,0.9793534338868924,1,16,0.1069,0.9793534338868924
103600,-16.603344797770504,200,0.9906980944378098,1,31,0.0909,0.9906980944378098
103800,-98.04369958477244,200,0.8775146635882667,1,14,0.5234,0.8775146635882667
104000,-100.0,200,0.279743989872,1,10,0.2228,0.279743989872
104200,-100.91197103330492,200,0.8762506627546668,1,16,0.3093,0.8762506627546668
104400,-87.8556843436052,200,0.9575813310563556,1,15,0.435,0.9575813310563556
104600,-93.0128000076544,200,0.9083679977772,1,10,0.0254,0.9083679977772
104800,-77.78635654830258,200,0.9735823977213868,1,19,0.1331,0.9735823977213868
105000,-86.47625541720797,200,0.9687430379159678,1,21,0.2184,0.9687430379159678
105200,-113.93891995424096,200,0.9509099965994,1,28,0.5077,0.9509099965994
105400,-310.34129596687615,200,0.987998674640462,1,144,0.5893,0.987998674640462
105600,-108.213045182153,200,0.9447714256452572,1,27,0.4715,0.9447714256452572
105800,-96.7868906156568,200,0.9169884413955556,1,16,0.5085,0.9169884413955556
106000,-42.693779478579465,200,0.9878117235009864,1,31,0.1289,0.9878117235009864
106200,-94.0107520064256,200,0.8955702833092571,1,10,0.1423,0.8955702833092571
106400,-102.632564305282,200,0.9315505423998544,1,17,0.1858,0.9315505423998544
106600,-81.0056530284066,200,0.9777119977343568,1,27,0.4411,0.9777119977343568
106800,-96.78842662197737,200,0.9168177744903112,1,16,0.431,0.9168177744903112
107000,-89.6733428743268,200,0.9380626644787332,1,11,0.0543,0.9380626644787332
107200,-93.0143360098304,200,0.9081759975052,1,10,0.0299,0.9081759975052
107400,-96.05370460855356,200,0.9071759970588,1,14,0.2978,0.9071759970588
107600,-82.44932292758678,200,0.9681473315187666,1,17,0.1205,0.9681473315187666
107800,-95.73464272516992,200,0.8958765689362286,1,12,0.3401,0.8958765689362286
108000,-85.17310482258725,200,0.989871634514518,1,36,0.0456,0.989871634514518
108200,-79.43133333847801,200,0.9678513312224,1,13,0.1359,0.9678513312224
108400,-97.39626131225664,200,0.8772506631498668,1,13,0.4367,0.8772506631498668
108600,-100.0,200,0.279743989872,1,10,0.5978,0.279743989872
108800,-106.93274539280318,200,0.8143999941464,1,18,0.589,0.8143999941464
109000,-97.690981334709,200,0.9451565684402284,1,22,0.5522,0.9451565684402284
109200,-73.0522240411136,200,0.9724114267413716,1,10,0.0003,0.9724114267413716
109400,-107.5904893939445,200,0.974781172854047,1,48,0.3382,0.974781172854047
109600,-135.09758404696444,200,0.9048099957831,1,25,0.5278,0.9048099957831
109800,-91.0184320135168,200,0.92613119763552,1,10,0.0179,0.92613119763552
110000,-93.57890260695116,200,0.96084159742336,1,22,0.3045,0.96084159742336
110200,-222.2655149358252,200,0.9874093133610258,1,106,0.4395,0.9874093133610258
110400,-94.53414174150532,200,0.92553119691552,1,13,0.2015,0.92553119691552
110600,-83.87203876593378,200,0.9766386260001828,1,29,0.3125,0.9766386260001828
110800,-98.0040960024576,200,0.7585493291381334,1,10,0.4206,0.7585493291381334
111000,-100.0,200,0.279743989872,1,10,0.1056,0.279743989872
111200,-95.05322017878616,200,0.9174328859844444,1,14,0.2469,0.9174328859844444
111400,-102.83987432532795,200,0.9761982186850888,1,44,0.4273,0.9761982186850888
111600,-88.98487390886982,200,0.9463508549243428,1,13,0.2358,0.9463508549243428
111800,-78.2802824206139,200,0.9717942834676572,1,18,0.1228,0.9717942834676572
112000,-102.21457274940792,200,0.9512849966938,1,25,0.5841,0.9512849966938
112200,-129.67678241212198,200,0.9600975968708,1,32,0.4192,0.9600975968708
112400,-96.3983093101452,200,0.8944937112713144,1,13,0.1609,0.8944937112713144
112600,-98.31283859804547,200,0.8173999959464,1,12,0.3622,0.8173999959464
112800,-104.12074467879698,200,0.8158999950464001,1,15,0.3069,0.8158999950464001
113000,-99.52390172930372,200,0.85311039627136,1,13,0.1862,0.85311039627136
113200,-86.41391816100341,200,0.9554569390838588,1,13,0.1102,0.9554569390838588
113400,-60.31125844826545,200,0.9821579110393736,1,18,0.0882,0.9821579110393736
113600,-90.6676850575826,200,0.9572479974563556,1,18,0.2963,0.9572479974563556
113800,-100.55511124971936,200,0.9646386054053564,1,34,0.4206,0.9646386054053564
114000,-111.06399074282852,200,0.7538826596714667,1,17,0.5156,0.7538826596714667
114200,-72.36275863529028,200,0.97398933155136,1,12,0.1787,0.97398933155136
114400,-96.66153930209474,200,0.85391039675136,1,11,0.1248,0.85391039675136
114600,-96.18001858799816,200,0.9706897115169428,1,35,0.499,0.9706897115169428
114800,-94.05780061101116,200,0.92533119740128,1,14,0.3964,0.92533119740128
115000,-76.69763532979074,200,0.969338238242432,1,11,0.0059,0.969338238242432
115200,-81.85840515749351,200,0.9678126646829334,1,15,0.1827,0.9678126646829334
115400,-64.97684001086368,200,0.9850589803821016,1,37,0.322,0.9850589803821016
115600,-52.74473938119908,200,0.9833949368208328,1,11,0.0035,0.9833949368208328
115800,-99.93543121773834,200,0.9805489745163556,1,44,0.4838,0.9805489745163556
116000,-55.73885137677349,200,0.982439998014052,1,11,0.039,0.982439998014052
116200,-49.756259386216335,200,0.9841313826616614,1,11,0.0485,0.9841313826616614
116400,-82.95353643162697,200,0.9650516342153456,1,16,0.0863,0.9650516342153456
116600,-45.48107636603767,200,0.987193597101257,1,30,0.188,0.987193597101257
116800,-55.39783067830182,200,0.9826512319807998,1,12,0.0969,0.9826512319807998
117000,-117.08098601641508,200,0.9750889107723884,1,51,0.5962,0.9750889107723884
117200,-87.02329601638401,200,0.9468891409634284,1,10,0.0182,0.9468891409634284
117400,-101.51980572684612,200,0.7565493279381332,1,13,0.4678,0.7565493279381332
117600,-101.26652757517935,200,0.9833528531418284,1,63,0.4111,0.9833528531418284
117800,13.21265212889503,200,0.9919942823509332,1,27,0.1445,0.9919942823509332
118000,-91.32563860812868,200,0.9324363612456726,1,12,0.2675,0.9324363612456726
118200,-119.18986634594272,200,0.988161704081024,1,22,0.011,0.988161704081024
118400,-23.24191040446614,200,0.9901083304498334,1,32,0.1233,0.9901083304498334
118600,-88.67792331315394,200,0.9425513825152,1,11,0.0425,0.9425513825152
118800,-100.51382253363842,200,0.8173479960715999,1,13,0.4779,0.8173479960715999
119000,-99.41491013255158,200,0.9486762640242132,1,22,0.5801,0.9486762640242132
119200,-90.67229130852034,200,0.9326181797573816,1,11,0.2284,0.9326181797573816
119400,-100.0,200,0.279743989872,1,10,0.3603,0.279743989872
119600,-88.0230400153088,200,0.9428233826587076,1,10,0.0391,0.9428233826587076
119800,-99.65539529840834,200,0.6378479925072,1,11,0.3296,0.6378479925072
120000,-126.16372386779646,200,0.97760679632722,1,61,0.603,0.97760679632722
120200,-132.4309064124809,200,0.8906765659846856,1,27,0.7872,0.8906765659846856
120400,-291.87787617568085,200,0.9594552671929818,1,75,0.7589,0.9594552671929818
120600,-89.0194560116224,200,0.9383573314183998,1,10,0.0739,0.9383573314183998
120800,-65.94415562042855,200,0.9824879976276332,1,26,0.258,0.9824879976276332
121000,-75.18579222702601,200,0.9826758371947198,1,36,0.2991,0.9826758371947198
121200,-187.3415775253476,200,0.9626386041544348,1,57,0.6844,0.9626386041544348
121400,-169.11287815939204,200,0.8716186596378667,1,29,0.8045,0.8716186596378667
121600,-163.4342866222798,200,0.9378843028342768,1,43,0.5965,0.9378843028342768
121800,-63.97418508170967,200,0.987183996696504,1,47,0.2268,0.987183996696504
122000,-83.0762601923504,200,0.9635169502330287,1,14,0.1275,0.9635169502330287
122200,-87.026624018432,200,0.9466514265314284,1,10,0.171,0.9466514265314284
122400,-120.87625845053904,200,0.9504389957578,1,31,0.7719,0.9504389957578
122600,-76.61048404622845,200,0.9853135706587148,1,42,0.3292,0.9853135706587148
122800,-100.0,200,0.2779519867712,1,10,0.8132,0.2779519867712
123000,-235.802529047662,200,0.9327679940247998,1,42,0.814,0.9327679940247998
123200,-75.00740193113862,200,0.9723708552382858,1,13,0.0284,0.9723708552382858
123400,-123.48795406930284,200,0.9402079963067078,1,27,0.4588,0.9402079963067078
123600,-80.81559020045847,200,0.968927998048288,1,16,0.2627,0.968927998048288
123800,-81.51439695744251,200,0.9877052105872364,1,30,0.1117,0.9877052105872364
124000,-89.05530638299373,200,0.9500671982172264,1,14,0.0095,0.9500671982172264
124200,-82.73085992937246,200,0.9650727251549088,1,15,0.2182,0.9650727251549088
124400,-112.04792662689492,200,0.9696799963190814,1,35,0.4935,0.9696799963190814
124600,-100.0,200,0.279743989872,1,10,0.1327,0.279743989872
124800,-109.6936249515072,200,0.9360066629993998,1,25,0.5355,0.9360066629993998
125000,-95.052528691019,200,0.9732701908170838,1,35,0.5093,0.9732701908170838
125200,-83.622203451432,200,0.96294719880768,1,14,0.0566,0.96294719880768
125400,-131.72914869163802,200,0.956724441873422,1,35,0.5917,0.956724441873422
125600,-172.47087159241954,200,0.9796036906328822,1,38,0.2808,0.9796036906328822
125800,-254.04193205103357,200,0.9216879944920798,1,39,0.8112,0.9216879944920798
126000,-100.0,200,0.2794879887184,1,10,0.8829,0.2794879887184
126200,-83.35167312073283,200,0.96734066424,1,19,0.2115,0.96734066424
126400,-97.31235416167594,200,0.8538175967207999,1,12,0.5319,0.8538175967207999
126600,-95.70656746936352,200,0.9172106638987556,1,15,0.4106,0.9172106638987556
126800,-77.05624245945064,200,0.9868166538234848,1,59,0.4081,0.9868166538234848
127000,-99.31079059681667,200,0.7566186606378666,1,12,0.8372,0.7566186606378666
127200,-113.58174846844584,200,0.8133999935464,1,20,0.584,0.8133999935464
127400,-168.76703121696755,200,0.953569772345378,1,52,0.7518,0.953569772345378
127600,-121.45981943094856,200,0.969579255879348,1,37,0.4576,0.969579255879348
127800,-99.73677000805048,200,0.7572159937952,1,12,0.4084,0.7572159937952
128000,-112.43284876470682,200,0.9442697103882856,1,30,0.5447,0.9442697103882856
128200,-99.0020480012288,200,0.6388479943216,1,10,0.7886,0.6388479943216
128400,-86.40027978543253,200,0.9676626644969334,1,20,0.2901,0.9676626644969334
128600,-113.33048564609696,200,0.9048359955455,1,24,0.6794,0.9048359955455
128800,-100.0,200,0.279743989872,1,10,0.1184,0.279743989872
129000,-96.73804284662069,200,0.8778826638048001,1,12,0.2166,0.8778826638048001
129200,-99.3921653064588,200,0.8164519948712,1,13,0.854,0.8164519948712
129400,-100.0,200,0.279743989872,1,10,0.8629,0.279743989872
129600,-54.70001678229515,200,0.9864369204942892,1,30,0.1628,0.9864369204942892
129800,-116.99699213575968,200,0.8913211379428573,1,25,0.7874,0.8913211379428573
130000,-262.4702615781337,200,0.9792667185501276,1,90,0.5723,0.9792667185501276
130200,-97.65949130086594,200,0.8178999962464,1,11,0.5876,0.8178999962464
130400,-97.52773425524131,200,0.9482762632184534,1,25,0.4677,0.9482762632184534
130600,-558.7479342844172,200,0.9729989128867892,1,122,0.7927,0.9729989128867892
130800,-71.86287991881396,200,0.9773021161426118,1,15,0.0905,0.9773021161426118
131000,-31.49336047744848,200,0.988890179973143,1,20,0.0025,0.988890179973143
131200,-107.1620578609499,200,0.9703948541869142,1,39,0.483,0.9703948541869142
131400,-65.41816719970663,200,0.9883849378777696,1,63,0.368,0.9883849378777696
131600,-168.47697101272882,200,0.97689039479692,1,72,0.6416,0.97689039479692
131800,-214.1704923166143,200,0.942094852312,1,41,0.8214,0.942094852312
132000,-100.0,200,0.279743989872,1,10,0.5429,0.279743989872
132200,-112.61880842188856,200,0.9347679952248,1,30,0.7984,0.9347679952248
132400,-88.37396722289584,200,0.9552847033669648,1,16,0.313,0.9552847033669648
132600,-96.18544103262728,200,0.9172622193347556,1,14,0.4226,0.9172622193347556
132800,-241.9106715589565,200,0.9705381283911466,1,63,0.5203,0.9705381283911466
133000,-72.01229349580338,200,0.9748547079693676,1,13,0.0216,0.9748547079693676
133200,-96.66153930209474,200,0.85391039675136,1,11,0.3218,0.85391039675136
133400,-51.71892882284645,200,0.985078173478049,1,21,0.0429,0.985078173478049
133600,-177.9363918585912,200,0.8890948505997713,1,31,0.7434,0.8890948505997713
133800,-100.0,200,0.2779519867712,1,10,0.8399,0.2779519867712
134000,-107.90736471489856,200,0.9508809961655,1,29,0.4412,0.9508809961655
134200,-79.00535393084577,200,0.9678513312224,1,13,0.1213,0.9678513312224
134400,-237.63720981218637,200,0.9841528575437046,1,105,0.5667,0.9841528575437046
134600,-100.73472200682168,200,0.6359519915712,1,12,0.8836,0.6359519915712
134800,-210.82571971041935,200,0.9025859940603,1,33,0.8614,0.9025859940603
135000,-98.65744329963714,200,0.7572853277045334,1,11,0.7971,0.7572853277045334
135200,-154.4799371461577,200,0.8471519922912,1,27,0.7977,0.8471519922912
135400,-52.55225494711927,200,0.98668899760185,1,30,0.1955,0.98668899760185
135600,-61.03786596629806,200,0.980855236016076,1,13,0.0402,0.980855236016076
135800,-143.74398943327236,200,0.9237135966437598,1,29,0.3489,0.9237135966437598
136000,-97.35954532310204,200,0.9644283611291272,1,29,0.2716,0.9644283611291272
136200,-131.74092361113438,200,0.9823470731994,1,62,0.3777,0.9823470731994
136400,-265.29967632278004,200,0.9732466602344,1,97,0.6596,0.9732466602344
136600,-91.02812876471334,200,0.97867999697412,1,38,0.299,0.97867999697412
136800,-93.74905801542327,200,0.9177066641824,1,12,0.2634,0.9177066641824
137000,-100.0,200,0.279743989872,1,10,0.3804,0.279743989872
137200,-90.662078866186,200,0.9334559983532364,1,11,0.0992,0.9334559983532364
137400,-257.9502741864595,200,0.938614149310646,1,38,0.6265,0.938614149310646
137600,26.85406875292209,200,0.9927265427860484,1,16,0.0276,0.9927265427860484
137800,-84.2555296682561,200,0.9673599973944,1,18,0.1827,0.9673599973944
138000,-201.8234054572199,200,0.9008939909074,1,39,0.8795,0.9008939909074
138200,-148.93338296150398,200,0.8130519919614,1,23,0.642,0.8130519919614
138400,-438.17166193640674,200,0.9811517037405963,1,133,0.5842,0.9811517037405963
138600,-64.30039549346685,200,0.980665902787219,1,18,0.0816,0.980665902787219
138800,-128.6618418965692,200,0.9775072783926976,1,52,0.5067,0.9775072783926976
139000,-98.82755189050926,200,0.8947634249150856,1,15,0.7675,0.8947634249150856
139200,-86.76238154141646,200,0.9805962911041366,1,36,0.2702,0.9805962911041366
139400,-119.8011394651302,200,0.964798605763652,1,36,0.4277,0.964798605763652
139600,-83.96109081264106,200,0.9889249855812612,1,70,0.3122,0.9889249855812612
139800,-94.83803522966898,200,0.9452228539865144,1,20,0.3959,0.9452228539865144
140000,-101.4652687296364,200,0.756309327536,1,14,0.8167,0.756309327536
140200,-99.65539529840834,200,0.6378479937216,1,11,0.5,0.6378479937216
140400,-55.05701604229288,200,0.9841732808738568,1,20,0.1034,0.9841732808738568
140600,-313.4926474992692,200,0.9613694499917456,1,67,0.7115,0.9613694499917456
140800,-106.74619367659518,200,0.9162577744079112,1,23,0.7202,0.9162577744079112
141000,-195.16337512772532,200,0.987466041458214,1,116,0.4777,0.987466041458214
141200,-100.73472200682168,200,0.6368479931216,1,12,0.3085,0.6368479931216
141400,-187.31997617208648,200,0.85066879517152,1,20,0.2771,0.85066879517152
141600,-99.0005120002816,200,0.6387199932448,1,10,0.8858,0.6387199932448
141800,-100.0,200,0.279743989872,1,10,0.7256,0.279743989872
142000,-82.1716098428307,200,0.9715085691018286,1,22,0.4065,0.9715085691018286
142200,-141.61315833567392,200,0.9686363041244308,1,32,0.4934,0.9686363041244308
142400,-87.29347799625708,200,0.9554023508793412,1,15,0.2489,0.9554023508793412
142600,-86.07111262017594,200,0.9577777757566224,1,14,0.3132,0.9577777757566224
142800,-78.65793322422215,200,0.96908799798272,1,14,0.2403,0.96908799798272
143000,-181.5073171845014,200,0.9841362456722,1,93,0.5545,0.9841362456722
143200,-99.0020480012288,200,0.6388479943216,1,10,0.6289,0.6388479943216
143400,-99.0020480012288,200,0.6388479943216,1,10,0.3347,0.6388479943216
143600,-92.75110601665207,200,0.92573119764128,1,12,0.3288,0.92573119764128
143800,-85.06015726760197,200,0.978254355750974,1,35,0.3881,0.978254355750974
144000,-82.68841932065475,200,0.9601406296825264,1,11,0.069,0.9601406296825264
144200,-147.01254932963604,200,0.978458786461842,1,70,0.5917,0.978458786461842
144400,-240.44442197270013,200,0.9472019939676,1,56,0.7463,0.9472019939676
144600,-99.34299782278887,200,0.9722629302737066,1,37,0.4797,0.9722629302737066
144800,-93.0143360086016,200,0.9081759976588,1,10,0.2429,0.9081759976588
145000,-161.91690284172952,200,0.8491103936255999,1,23,0.7113,0.8491103936255999
145200,-93.2731939287536,200,0.9568888862713778,1,22,0.2735,0.9568888862713778
145400,-74.36677713575332,200,0.9757900585291636,1,19,0.1568,0.9757900585291636
145600,-101.90992303207612,200,0.8515519949311999,1,16,0.8671,0.8515519949311999
145800,-135.02830546673863,200,0.9295694506530908,1,27,0.6566,0.9295694506530908
146000,-66.57889336843448,200,0.9902161412792726,1,82,0.335,0.9902161412792726
146200,-60.94856659264862,200,0.9851495566296404,1,31,0.1669,0.9851495566296404
146400,-92.63091469237034,200,0.9320959975323636,1,14,0.6647,0.9320959975323636
146600,-94.66563530455234,200,0.895065140010057,1,11,0.1584,0.895065140010057
146800,-132.3307456686528,200,0.7529759923693334,1,19,0.8717,0.7529759923693334
147000,-76.66663723206285,200,0.9710554053082072,1,14,0.0752,0.9710554053082072
147200,-103.85572268574666,200,0.8762159960714667,1,17,0.402,0.8762159960714667
147400,-105.83789380026045,200,0.8156039947816001,1,17,0.7129,0.8156039947816001
147600,-142.71614961563557,200,0.9039879953184,1,32,0.7688,0.9039879953184
147800,-156.44202012374444,200,0.9533242314882824,1,31,0.3022,0.9533242314882824
148000,-84.54977264991243,200,0.966029910534539,1,18,0.1689,0.966029910534539
148200,-86.33741461930057,200,0.9528139977578,1,12,0.1278,0.9528139977578
148400,-109.921746279782,200,0.95048999605145,1,32,0.5888,0.95048999605145
148600,-98.65744329963714,200,0.7578826620714668,1,11,0.319,0.7578826620714668
148800,4.455979233193986,200,0.9925247956795892,1,66,0.266,0.9925247956795892
149000,4.379963458504605,200,0.99174626355852,1,29,0.0548,0.99174626355852
149200,-68.89723548745947,200,0.9883783483250635,1,62,0.4122,0.9883783483250635
149400,-101.90992303207612,200,0.8519103955513601,1,16,0.4731,0.8519103955513601
149600,-116.41008908335463,200,0.973674496207475,1,41,0.5937,0.973674496207475
149800,-97.0061440036864,200,0.8179519957712,1,10,0.8558,0.8179519957712
150000,-76.17670402402298,200,0.9823693031365224,1,36,0.3235,0.9823693031365224
150200,-79.72812373494489,200,0.9801104735425522,1,28,0.1479,0.9801104735425522
150400,-192.94825619959,200,0.8882377072283428,1,34,0.8718,0.8882377072283428
150600,-94.83803522389996,200,0.9452228539865144,1,20,0.4308,0.9452228539865144
150800,-131.64688905058748,200,0.6309519885712,1,17,0.8955,0.6309519885712
151000,-120.19344730756252,200,0.9297512688322908,1,26,0.6385,0.9297512688322908
151200,-96.0081920049152,200,0.85431039699136,1,10,0.5482,0.85431039699136
151400,-175.07402943138223,200,0.8896662795140572,1,29,0.8067,0.8896662795140572
151600,-99.65539529840834,200,0.6369519921712,1,11,0.8045,0.6369519921712
151800,-101.51801372574532,200,0.7565493272714666,1,13,0.8765,0.7565493272714666
152000,-147.23005694911325,200,0.9377981483689848,1,41,0.8294,0.9377981483689848
152200,-78.77560275564618,200,0.9679239981946,1,12,0.0558,0.9679239981946
152400,-73.33475503238796,200,0.9774204422727112,1,22,0.3731,0.9774204422727112
152600,-493.7946221092735,200,0.9898510608745368,1,247,0.5957,0.9898510608745368
152800,-38.47409089167941,200,0.9871450723813372,1,16,0.0569,0.9871450723813372
153000,-93.40027803225348,200,0.92568479739312,1,13,0.2179,0.92568479739312
153200,-93.0125440087296,200,0.9083999976428,1,10,0.1539,0.9083999976428
153400,-104.61837564206286,200,0.9884968653086258,1,93,0.421,0.9884968653086258
153600,-182.5554843981461,200,0.9884455708523472,1,123,0.4779,0.9884455708523472
153800,-317.24786163859585,200,0.95735199462688,1,56,0.6488,0.95735199462688
154000,-92.59186484494585,200,0.96071839727664,1,24,0.4279,0.96071839727664
154200,-100.0,200,0.279743989872,1,10,0.4105,0.279743989872
154400,-120.40297306201978,200,0.92285919557776,1,27,0.7577,0.92285919557776
154600,-91.74828285399347,200,0.9324596341323634,1,12,0.1143,0.9324596341323634
154800,1.139945862637802,200,0.9926517692684932,1,77,0.295,0.9926517692684932
155000,-87.80105707019563,200,0.9751776942892122,1,30,0.3823,0.9751776942892122
155200,-259.691718732332,200,0.9201343934008,1,46,0.7995,0.9201343934008
155400,-161.1293075585527,200,0.9468522626231468,1,44,0.7846,0.9468522626231468
155600,-11.78805131469619,200,0.9910587354558702,1,40,0.2208,0.9910587354558702
155800,-202.1616446762743,200,0.9867269152790594,1,110,0.4633,0.9867269152790594
156000,-293.38234146735675,200,0.9266210847205816,1,50,0.7976,0.9266210847205816
156200,-110.1669848636766,200,0.92453439683552,1,24,0.6189,0.92453439683552
156400,-106.76181072504828,200,0.97456849711165,1,45,0.4597,0.97456849711165
156600,-175.30578889422594,200,0.9760279964208,1,71,0.59,0.9760279964208
156800,-127.58445044024006,200,0.8738213281017333,1,27,0.7821,0.8738213281017333
157000,-166.41056806177954,200,0.9620414503682544,1,55,0.6412,0.9620414503682544
157200,-114.29316200145531,200,0.9659346635069334,1,36,0.4213,0.9659346635069334
157400,-25.99513330932685,200,0.9927171602818684,1,72,0.2236,0.9927171602818684
157600,-113.43363971079336,200,0.975063525861459,1,40,0.4789,0.975063525861459
157800,-47.73879444215986,200,0.9904957151989544,1,80,0.3586,0.9904957151989544
158000,-190.77808308565344,200,0.9871534833971348,1,116,0.5417,0.9871534833971348
158200,-102.51775772561732,200,0.6357199919448,1,13,0.8733,0.6357199919448
158400,-80.65591278524737,200,0.9664445196864696,1,14,0.0843,0.9664445196864696
158600,-82.09023513934412,200,0.9706032567447704,1,21,0.2984,0.9706032567447704
158800,-91.74736204478268,200,0.9692159971084308,1,26,0.2471,0.9692159971084308
159000,-37.32553157639524,200,0.9893476891670328,1,47,0.263,0.9893476891670328
159200,-77.5614115196984,200,0.975811876626182,1,18,0.348,0.975811876626182
159400,-45.3432584852885,200,0.9860207192531932,1,18,0.0721,0.9860207192531932
159600,-60.05153321214005,200,0.9826046641089666,1,20,0.1399,0.9826046641089666
159800,-68.02813794371141,200,0.9773042266534396,1,13,0.0677,0.9773042266534396
160000,-63.65807830895874,200,0.9848554454238896,1,33,0.268,0.9848554454238896
160200,-120.54152668934074,200,0.905559996017,1,22,0.3832,0.905559996017
160400,-57.71420202119055,200,0.9886085479902068,1,59,0.2935,0.9886085479902068
160600,-44.83883482833314,200,0.9856369634805516,1,12,0.0099,0.9856369634805516
160800,-100.0,200,0.2794879887184,1,10,0.8948,0.2794879887184
161000,-111.03603998319598,200,0.9716657119556856,1,39,0.5564,0.9716657119556856
161200,-127.7176310753153,200,0.92293439605368,1,32,0.6649,0.92293439605368
161400,-71.00974782788302,200,0.9893946080790204,1,72,0.376,0.9893946080790204
161600,-105.11917103950556,200,0.9823319181770352,1,51,0.4671,0.9823319181770352
161800,-173.65974975051566,200,0.9848343837835344,1,92,0.5393,0.9848343837835344
162000,-251.97935347980325,200,0.9728203588888968,1,84,0.6669,0.9728203588888968
162200,-117.60699189207789,200,0.961590091216,1,35,0.5906,0.961590091216
162400,-163.84071315577668,200,0.9842864703667557,1,82,0.5308,0.9842864703667557
162600,-68.41109304397901,200,0.9825776300832652,1,30,0.2894,0.9825776300832652
162800,-100.38594202122307,200,0.7569759946026666,1,13,0.8064,0.7569759946026666
163000,-15.940418030996824,200,0.9914591438727344,1,54,0.1999,0.9914591438727344
163200,-91.06240861375034,200,0.942207997790277,1,14,0.3778,0.942207997790277
163400,-215.35391854631212,200,0.9755014012690592,1,67,0.5537,0.9755014012690592
163600,-100.0,200,0.2779519867712,1,10,0.8522,0.2779519867712
163800,-217.85022678518155,200,0.9035459949898,1,33,0.7884,0.9035459949898
164000,-85.0307200196608,200,0.9530639981382,1,10,0.0899,0.9530639981382
164200,-270.1801372865547,200,0.9323986612831332,1,51,0.7887,0.9323986612831332
164400,-99.0020480012288,200,0.6388479943216,1,10,0.3124,0.6388479943216
164600,-104.45246377931896,200,0.7568213279184,1,14,0.8649,0.7568213279184
164800,-266.49814735755376,200,0.9888723027845616,1,148,0.5476,0.9888723027845616
165000,-269.7521724822286,200,0.9369083022238768,1,56,0.7907,0.9369083022238768
165200,-62.08646026165407,200,0.9886516331103636,1,66,0.3527,0.9886516331103636
165400,-100.56736633414206,200,0.8933508529202286,1,17,0.5362,0.8933508529202286
165600,-200.2402961919844,200,0.8482879926220799,1,28,0.8681,0.8482879926220799
165800,-243.52942011834796,200,0.9915581311315907,1,163,0.5072,0.9915581311315907
166000,-53.25287562544933,200,0.9861217470122624,1,31,0.236,0.9861217470122624
166200,-100.0,200,0.279743989872,1,10,0.176,0.279743989872
166400,-174.12026695640463,200,0.9288029048777454,1,38,0.6742,0.9288029048777454
166600,-90.36924826814052,200,0.9494933308620266,1,16,0.0974,0.9494933308620266
166800,-99.52390172930372,200,0.85311039627136,1,13,0.4671,0.85311039627136
167000,-170.93679706016803,200,0.8898765658907429,1,33,0.7497,0.8898765658907429
167200,-13.918548710775283,200,0.9903588307713332,1,21,0.0948,0.9903588307713332
167400,-224.5842691333909,200,0.9117617710707556,1,44,0.8661,0.9117617710707556
167600,-126.5997273102668,200,0.9866464766062888,1,99,0.5015,0.9866464766062888
167800,-147.80295386859814,200,0.9680541505986152,1,58,0.6695,0.9680541505986152
168000,-101.4328048581122,200,0.9872764639861504,1,66,0.4352,0.9872764639861504
168200,-60.59181895870558,200,0.9827640792810448,1,23,0.2139,0.9827640792810448
168400,-67.02582403315924,200,0.9900895088909404,1,92,0.4386,0.9900895088909404
168600,-85.68406732052674,200,0.9529389978328,1,11,0.0828,0.9529389978328
168800,31.397089418230905,200,0.992857446092628,1,33,0.1072,0.992857446092628
169000,-263.87273661783144,200,0.995571352235112,0,246,0.4886,0.995571352235112
169200,173.448725951036,200,0.997651116028112,0,37,0.1274,0.997651116028112
169400,-111.31898728484848,200,0.9867989298404052,1,74,0.4493,0.9867989298404052
169600,-322.9241972516494,200,0.9695141281709868,1,79,0.7219,0.9695141281709868
169800,-47.645630419094914,200,0.9867708630872002,1,27,0.2056,0.9867708630872002
170000,-133.06976784731623,200,0.9536479968517648,1,39,0.6179,0.9536479968517648
170200,-124.14262357305256,200,0.9561511081808,1,28,0.5318,0.9561511081808
170400,-96.9702818976826,200,0.8772506633546667,1,13,0.3489,0.8772506633546667
170600,-79.77911239561234,200,0.9782905238243792,1,26,0.2937,0.9782905238243792
170800,-100.73472200682168,200,0.6368479931216,1,12,0.456,0.6368479931216
171000,-31.02604583392616,200,0.9883661028544422,1,19,0.0041,0.9883661028544422
171200,-95.010240006144,200,0.8782506639546667,1,10,0.194,0.8782506639546667
171400,-56.18113729601989,200,0.9835557624901649,1,18,0.1045,0.9835557624901649
171600,-101.117709517383,200,0.8167319956584,1,15,0.7412,0.8167319956584
171800,-92.66973130700994,200,0.9179288865379556,1,11,0.0439,0.9179288865379556
172000,-189.8217958316328,200,0.6298479889216,1,19,0.8726,0.6298479889216
172200,-105.46330137915984,200,0.6348479919215999,1,14,0.7598,0.6348479919215999
172400,-102.2545277336678,200,0.8154519942712001,1,15,0.7237,0.8154519942712001
172600,-154.74596135523026,200,0.85058559493184,1,22,0.7867,0.85058559493184
172800,-93.66768330700994,200,0.9079259973552,1,11,0.1732,0.9079259973552
173000,-95.53458110500752,200,0.9731778035112258,1,34,0.5399,0.9731778035112258
173200,-98.0040960024576,200,0.7585493291381334,1,10,0.0523,0.7585493291381334
173400,-173.23541543586217,200,0.9838643890944786,1,83,0.5219,0.9838643890944786
173600,-105.45195177903736,200,0.6356159925952,1,14,0.8566,0.6356159925952
173800,-101.51177453240962,200,0.7571466618384001,1,13,0.8237,0.7571466618384001
174000,-99.65539529840834,200,0.6377199931448,1,11,0.6977,0.6377199931448
174200,-45.10266159875725,200,0.9928251509749918,1,100,0.3414,0.9928251509749918
174400,-107.36538553058654,200,0.95167099661415,1,31,0.5114,0.95167099661415
174600,-185.48448791222785,200,0.9589135955237996,1,56,0.686,0.9589135955237996
174800,-142.89098478158843,200,0.9300756328868364,1,31,0.5988,0.9300756328868364
175000,-44.95331756812688,200,0.989313889260938,1,55,0.3315,0.989313889260938
175200,-179.76901574726256,200,0.951284996767,1,25,0.4625,0.951284996767
175400,-18.006986397220373,200,0.9903035072843428,1,29,0.0835,0.9903035072843428
175600,-92.23452902220058,200,0.979821764285935,1,43,0.4328,0.979821764285935
175800,-79.96565182037946,200,0.968887037719808,1,16,0.2601,0.968887037719808
176000,-66.26464608938628,200,0.9825913447073958,1,28,0.2402,0.9825913447073958
176200,-45.55969762637798,200,0.986314918476292,1,19,0.0789,0.986314918476292
176400,14.328131675169203,200,0.992092695353784,1,24,0.0952,0.992092695353784
176600,-153.4996751823301,200,0.6316159903952,1,18,0.7674,0.6316159903952
176800,-97.70065502399392,200,0.9543981148267294,1,22,0.2339,0.9543981148267294
177000,-251.3171864378988,200,0.9876227430721736,1,141,0.6403,0.9876227430721736
177200,-99.270835607728,200,0.9485738636832,1,22,0.3165,0.9485738636832
177400,-101.87204184792672,200,0.976390663816,1,39,0.3894,0.976390663816
177600,-84.4162221611314,200,0.9600244191088844,1,13,0.0661,0.9600244191088844
177800,-60.04272998170337,200,0.9811873464477024,1,13,0.0155,0.9811873464477024
178000,-100.0,200,0.2779519867712,1,10,0.6493,0.2779519867712
178200,-62.396217182375686,200,0.9815918197403024,1,19,0.1792,0.9815918197403024
178400,-140.87896819864125,200,0.98677299538337,1,101,0.5423,0.98677299538337
178600,-153.58353803617487,200,0.6308479895215999,1,18,0.7854,0.6308479895215999
178800,-92.0163840098304,200,0.918151108893511,1,10,0.0021,0.918151108893511
179000,-60.43210683562988,200,0.9817934201816708,1,16,0.0747,0.9817934201816708
179200,187.1875250118227,200,0.9978106361919878,0,19,0.0525,0.9978106361919878
179400,-97.47763601855851,200,0.8942079968141714,1,14,0.306,0.8942079968141714
179600,-80.0488185244925,200,0.9698590749718154,1,17,0.0952,0.9698590749718154
179800,-102.14492122089968,200,0.968306557651456,1,39,0.5967,0.968306557651456
180000,-83.30309026319355,200,0.9714445689757714,1,22,0.3538,0.9714445689757714
180200,-206.99758817073973,200,0.8121799934336,1,25,0.714,0.8121799934336
180400,-85.98973791296261,200,0.9555322331540704,1,13,0.0668,0.9555322331540704
180600,-100.0,200,0.279743989872,1,10,0.8963,0.279743989872
180800,-107.4721934746582,200,0.9559404402401778,1,29,0.5182,0.9559404402401778
181000,184.37236234769085,200,0.997763996037568,0,22,0.0641,0.997763996037568
181200,-96.0081920049152,200,0.85431039699136,1,10,0.1402,0.85431039699136
181400,45.922216471122255,200,0.99654959382306,0,146,0.4156,0.99654959382306
181600,-88.51795626261975,200,0.9816976632880668,1,41,0.4322,0.9816976632880668
181800,-63.43783917542158,200,0.988779196450791,1,67,0.3313,0.988779196450791
182000,-36.17504875780153,200,0.9872950562826824,1,14,0.0952,0.9872950562826824
182200,-56.02079109271753,200,0.9842557014833482,1,23,0.2067,0.9842557014833482
182400,-140.35540734306028,200,0.9871134409508048,1,103,0.4627,0.9871134409508048
182600,-100.0,200,0.279743989872,1,10,0.8122,0.279743989872
182800,-87.98871391242821,200,0.9496714641969066,1,13,0.1934,0.9496714641969066
183000,-41.39008104827269,200,0.9879135970308054,1,29,0.1516,0.9879135970308054
183200,-61.771338335736566,200,0.9856556162248,1,39,0.1954,0.9856556162248
183400,-100.0,200,0.279743989872,1,10,0.7658,0.279743989872
183600,-132.31129291827494,200,0.891743995872,1,28,0.7827,0.891743995872
183800,-100.0,200,0.279743989872,1,10,0.8718,0.279743989872
184000,9.069504469442236,200,0.9919237391489548,1,29,0.0469,0.9919237391489548
184200,-85.33946261604582,200,0.9554691744325648,1,12,0.2142,0.9554691744325648
184400,2.77745350109484,200,0.992071816281955,1,45,0.2323,0.992071816281955
184600,-20.14088047131706,200,0.9902044972857998,1,27,0.1112,0.9902044972857998
184800,-470.3814674121232,200,0.987378984156088,1,192,0.6142,0.987378984156088
185000,-181.14580839821707,200,0.9740484816374788,1,59,0.6131,0.9740484816374788
185200,-100.0,200,0.279743989872,1,10,0.8635,0.279743989872
185400,-23.51827389699187,200,0.9894361352200092,1,23,0.0549,0.9894361352200092
185600,-91.33736291817394,200,0.9761746257438172,1,32,0.5173,0.9761746257438172
185800,-50.45665532149384,200,0.9846754884066328,1,16,0.06,0.9846754884066328
186000,-165.01801539207946,200,0.9637119973265456,1,42,0.5987,0.9637119973265456
186200,-53.23327494837606,200,0.9902129871152292,1,76,0.3427,0.9902129871152292
186400,-100.0,200,0.279743989872,1,10,0.8493,0.279743989872
186600,-102.50972653118082,200,0.636743993372,1,13,0.8765,0.636743993372
186800,-91.74724930307828,200,0.9728714639130668,1,28,0.3594,0.9728714639130668
187000,-100.0,200,0.279743989872,1,10,0.7208,0.279743989872
187200,-89.90397619368245,200,0.9808605185304348,1,44,0.4054,0.9808605185304348
187400,-100.0,200,0.279743989872,1,10,0.8895,0.279743989872
187600,138.2316170106002,200,0.997348315481872,0,66,0.182,0.997348315481872
187800,-225.12472285734967,200,0.9785518096395904,1,68,0.5909,0.9785518096395904
188000,-69.63790032604594,200,0.98554249708205,1,48,0.3822,0.98554249708205
188200,178.06995869245918,200,0.99769831582656,0,31,0.1117,0.99769831582656
188400,-100.0,200,0.279743989872,1,10,0.704,0.279743989872
188600,-99.65539529840834,200,0.6378479937216,1,11,0.7364,0.6378479937216
188800,-100.0,200,0.279743989872,1,10,0.8527,0.279743989872
189000,-100.89278616139042,200,0.8777013304917333,1,16,0.651,0.8777013304917333
189200,-88.72343592607582,200,0.952438997156,1,15,0.3761,0.952438997156
189400,-65.6891652537496,200,0.9788412611166316,1,14,0.2163,0.9788412611166316
189600,-100.0,200,0.279743989872,1,10,0.6759,0.279743989872
189800,11.226370241998836,200,0.9924286856114096,1,53,0.1914,0.9924286856114096
190000,-100.0,200,0.279743989872,1,10,0.7989,0.279743989872
190200,-79.09841399267435,200,0.9760635271371296,1,23,0.3531,0.9760635271371296
190400,-111.55500004583328,200,0.988164390993978,1,97,0.4639,0.988164390993978
190600,-89.67587531192514,200,0.9379346644938664,1,11,0.1883,0.9379346644938664
190800,-110.30743768123628,200,0.634743992372,1,15,0.8447,0.634743992372
191000,-92.36810677145829,200,0.9419003053056616,1,16,0.1652,0.9419003053056616
191200,-100.0,200,0.279743989872,1,10,0.7219,0.279743989872
191400,-95.36449521535752,200,0.92493119655552,1,16,0.2579,0.92493119655552
191600,-90.597496859146,200,0.9640334514848002,1,24,0.4705,0.9640334514848002
191800,0.5114386437781349,200,0.991458640562066,1,29,0.0901,0.991458640562066
192000,-118.33170538680244,200,0.633743991872,1,16,0.7891,0.633743991872
192200,-100.0,200,0.279743989872,1,10,0.8988,0.279743989872
192400,-100.0,200,0.279743989872,1,10,0.8432,0.279743989872
192600,-71.97860596536702,200,0.9899378497017935,1,34,0.1103,0.9899378497017935
192800,49.96401390910219,200,0.9935263961742812,1,43,0.0942,0.9935263961742812
193000,179.82931351881152,200,0.9977229558852998,0,27,0.145,0.9977229558852998
193200,-91.9805219038266,200,0.932114906614109,1,13,0.4205,0.932114906614109
193400,-99.65244078774658,200,0.638743994372,1,11,0.892,0.638743994372
193600,-93.02903075341273,200,0.967543677308928,1,31,0.4296,0.967543677308928
193800,-100.0,200,0.279743989872,1,10,0.6841,0.279743989872
194000,-100.0,200,0.279743989872,1,10,0.6759,0.279743989872
194200,-195.0560328184476,200,0.9917549307655412,1,201,0.4958,0.9917549307655412
194400,-92.02603450746496,200,0.9456514260192002,1,17,0.3259,0.9456514260192002
194600,-67.0675840516096,200,0.976828233478306,1,10,0.0714,0.976828233478306
194800,191.55699611147529,200,0.99786887605528,0,11,0.0175,0.99786887605528
195000,-100.0,200,0.279743989872,1,10,0.6582,0.279743989872
195200,-77.97386965934754,200,0.9815126929652174,1,29,0.3085,0.9815126929652174
195400,-297.1980680201348,200,0.986418721133582,1,159,0.6108,0.986418721133582
195600,-2.5337720212280743,200,0.991833193489033,1,42,0.1431,0.991833193489033
195800,-201.5517308536202,200,0.9802265041374746,1,102,0.6303,0.9802265041374746
196000,-36.43827872277256,200,0.9870327251055516,1,12,0.0072,0.9870327251055516
196200,-81.8946398186018,200,0.9919161753102864,1,122,0.3631,0.9919161753102864
196400,-40.10145501803948,200,0.9877144086508712,1,27,0.1293,0.9877144086508712
196600,-214.4190196580176,200,0.966005116199968,1,51,0.6228,0.966005116199968
196800,-124.08153799422176,200,0.9771448387612212,1,47,0.5247,0.9771448387612212
197000,183.28880111555767,200,0.997738635973456,0,23,0.0491,0.997738635973456
197200,-96.66153930209474,200,0.85391039675136,1,11,0.0849,0.85391039675136
197400,-118.84176261094106,200,0.979356360150691,1,60,0.5428,0.979356360150691
197600,-102.46944538284625,200,0.85271039603136,1,14,0.3709,0.85271039603136
197800,-110.32926873600684,200,0.6338479913216,1,15,0.8811,0.6338479913216
198000,-235.08670727480344,200,0.99504863155328,0,292,0.5769,0.99504863155328
198200,11.795374975634743,200,0.9921745421568726,1,34,0.108,0.9921745421568726
198400,-423.3037641870654,200,0.995256311543164,0,272,0.5788,0.995256311543164
198600,-120.92913002199344,200,0.9848742638898148,1,89,0.5314,0.9848742638898148
198800,-100.0,200,0.279743989872,1,10,0.8922,0.279743989872
199000,-30.6875851615668,200,0.9883848285512314,1,20,0.1871,0.9883848285512314
199200,-153.48569800385678,200,0.631743990872,1,18,0.8737,0.631743990872
199400,-100.0,200,0.279743989872,1,10,0.6962,0.279743989872
199600,59.84612356068527,200,0.993895515678392,1,60,0.1591,0.993895515678392
199800,-100.0,200,0.279743989872,1,10,0.8645,0.279743989872
200000,-49.41951320314201,200,0.9853161356366896,1,19,0.184,0.9853161356366896
